VPRAŠANJE,Ajdovščina,Ankaran,Apače,Beltinci,Benedikt,Bistrica ob Sotli,Bled,Bloke,Bohinj,Borovnica,Bovec,Braslovče,Brda,Brezovica,Brežice,Cankova,Celje,Cerklje na Gorenjskem,Cerknica,Cerkno,Cerkvenjak,Cirkulane,Črenšovci,Črna na Koroškem,Črnomelj,Destrnik,Divača,Dobje,Dobrepolje,Dobrna,Dobrova - Polhov Gradec,Dobrovnik,Dol pri Ljubljani,Dolenjske Toplice,Domžale,Dornava,Dravograd,Duplek,Gorenja vas - Poljane,Gorišnica,Gorje,Gornja Radgona,Gornji Grad,Gornji Petrovci,Grad,Grosuplje,Hajdina,Hoče - Slivnica,Hodoš,Horjul,Hrastnik,Hrpelje - Kozina,Idrija,Ig,Ilirska Bistrica,Ivančna Gorica,Izola,Jesenice,Jezersko,Juršinci,Kamnik,Kanal,Kidričevo,Kobarid,Kobilje,Kočevje,Komen,Komenda,Koper,Kostanjevica na Krki,Kostel ,Kozje ,Kranj ,Kranjska Gora ,Križevci ,Krško ,Kungota ,Kuzma ,Laško ,Lenart,Lendava,Litija ,Ljubljana ,Ljubno ,Ljutomer ,Log - Dragomer ,Logatec ,Loška dolina ,Loški Potok ,Lovrenc na Pohorju ,Luče ,Lukovica ,Majšperk ,Makole ,Maribor,Markovci ,Medvode ,Mengeš ,Metlika ,Mežica ,Miklavž na Dravskem polju ,Miren - Kostanjevica ,Mirna ,Mirna Peč ,Mislinja,Mokronog - Trebelno ,Moravče ,Moravske Toplice ,Mozirje ,Murska Sobota ,Muta ,Naklo ,Nazarje ,Nova Gorica ,Novo mesto,Odranci ,Oplotnica ,Ormož ,Osilnica ,Pesnica ,Piran ,Pivka ,Podčetrtek ,Podlehnik ,Podvelka ,Poljčane ,Polzela ,Postojna ,Prebold ,Preddvor,Prevalje ,Ptuj ,Puconci ,Rače - Fram ,Radeče ,Radenci ,Radlje ob Dravi ,Radovljica ,Ravne na Koroškem ,Razkrižje ,Rečica ob Savinji ,Renče - Vogrsko ,Ribnica ,Ribnica na Pohorju ,Rogaška Slatina,Rogašovci ,Rogatec ,Ruše ,Selnica ob Dravi ,Semič ,Sevnica ,Sežana ,Slovenj Gradec ,Slovenska Bistrica ,Slovenske Konjice,Sodražica ,Solčava ,Središče ob Dravi ,Starše ,Straža ,Sveta Ana ,Sveta Trojica v Slovenskih goricah ,Sveti Andraž v Slovenskih goricah ,Sveti Jurij ob Ščavnici ,Sveti Jurij v Slovenskih goricah ,Sveti Tomaž ,Šalovci ,Šempeter - Vrtojba ,Šenčur,Šentilj,Šentjernej ,Šentjur ,Šentrupert ,Škocjan ,Škofja Loka ,Škofljica ,Šmarje pri Jelšah ,Šmarješke Toplice ,Šmartno pri Litiji ,Šmartno ob Paki ,Šoštanj ,Štore ,Tabor ,Tišina ,Tolmin,Trbovlje ,Trebnje ,Trnovska vas ,Trzin ,Tržič,Turnišče,Velenje,Velika Polana,Velike Lašče,Veržej,Videm,Vipava,Vitanje,Vodice,Vojnik,Vransko ,Vrhnika ,Vuzenica ,Zagorje ob Savi ,Zavrč ,Zreče,Žalec ,Železniki ,Žetale ,Žiri ,Žirovnica,Žužemberk
TRANSPARENTNOST DELOVANJA OBČINSKEGA SVETA,,,,,,,,,,,,,,,,,,,,,,,,,,,,,,,,,,,,,,,,,,,,,,,,,,,,,,,,,,,,,,,,,,,,,,,,,,,,,,,,,,,,,,,,,,,,,,,,,,,,,,,,,,,,,,,,,,,,,,,,,,,,,,,,,,,,,,,,,,,,,,,,,,,,,,,,,,,,,,,,,,,,,,,,,,,,,,,,,,,,,,,,,,,,,,,,,,,,,,,,,,,,,,,,,,,,
SEJE OS,,,,,,,,,,,,,,,,,,,,,,,,,,,,,,,,,,,,,,,,,,,,,,,,,,,,,,,,,,,,,,,,,,,,,,,,,,,,,,,,,,,,,,,,,,,,,,,,,,,,,,,,,,,,,,,,,,,,,,,,,,,,,,,,,,,,,,,,,,,,,,,,,,,,,,,,,,,,,,,,,,,,,,,,,,,,,,,,,,,,,,,,,,,,,,,,,,,,,,,,,,,,,,,,,,,,
Ali so seje občinskega sveta najavljene vnaprej na spletni strani občine?,2,1,1,1,1,1,2,2,0,1,1,1,2,0,1,1,2,1,1,1,1,1,1,1,1,1,2,1,1,2,2,1,1,1,1,2,1,0,0,1,1,2,1,1,1,1,1,1,1,0,1,2,1,1,2,1,2,2,1,2,1,2,2,1,1,1,2,2,1,1,1,1,2,1,1,1,1,2,2,1,1,2,2,1,1,2,2,2,0,1,1,1,1,1,2,1,1,2,1,1,1,1,1,1,1,1,0,2,1,1,0,1,1,2,1,1,1,1,0,1,1,2,2,1,0,2,1,2,2,1,1,2,1,1,2,1,1,1,0,1,1,1,1,1,2,1,2,1,1,1,1,1,2,1,1,1,1,1,1,0,0,1,1,2,1,1,1,1,1,1,1,2,1,1,1,2,1,1,2,1,1,1,1,1,1,2,2,1,1,0,1,1,0,0,0,2,2,1,1,1,0,2,0,1,0,1,2,1,1,1,1,1
Ali so vsa gradiva za seje občinskega sveta objavljene vnaprej?,2,1,1,1,1,1,2,0,0,1,1,1,2,0,1,1,2,1,1,1,1,1,1,1,1,1,2,1,1,2,2,1,1,1,1,2,1,0,0,1,1,2,1,1,1,1,1,1,1,0,1,2,1,1,2,1,2,0,1,2,1,2,0,1,1,1,1,2,1,1,1,1,2,1,1,1,1,0,2,1,1,2,2,1,1,2,2,2,0,1,1,1,1,1,1,1,1,2,1,1,1,1,1,1,1,1,0,2,1,1,0,1,1,2,1,0,1,1,0,1,1,2,2,1,0,1,1,2,2,1,0,1,1,1,0,1,1,1,0,0,1,1,1,0,2,1,2,1,1,1,1,1,2,1,1,1,0,0,1,0,0,1,1,2,1,0,1,1,1,1,1,1,1,1,1,2,1,1,2,1,1,1,1,1,1,1,2,1,1,0,1,1,0,0,0,2,2,1,1,1,0,2,0,1,0,1,1,1,1,1,1,1
Ali se občinski sveti sestajajo na rednih sejah tako pogosto kot zahteva zakon? ,0,0,0,0,0,0,0,0,0,0,0,0,0,0,0,-1,0,0,0,0,0,0,0,0,0,0,0,0,0,0,0,0,0,0,0,0,0,0,0,0,0,0,0,0,0,0,0,0,0,0,0,0,0,0,0,0,0,0,0,0,0,0,0,0,0,0,0,0,0,0,0,0,0,0,0,0,0,0,0,0,0,0,0,0,0,0,0,0,0,0,0,0,0,0,0,0,0,0,0,0,0,0,0,0,0,0,-1,0,0,0,0,0,0,0,0,0,0,0,0,0,0,0,0,0,0,0,0,0,0,0,0,0,0,0,0,0,0,0,0,0,0,0,0,0,0,0,0,0,0,0,0,0,0,0,0,0,0,0,0,0,0,0,0,0,0,0,0,0,0,0,0,0,0,0,0,0,0,0,0,0,0,0,0,0,0,0,0,0,0,0,0,0,-1,0,0,-1,0,0,0,0,0,0,0,0,-1,0,0,0,0,0,0,0
Ali se seje predvajajo v živo z video in/ali zvočnim prenosom?,0,0,1,1,0,0,0,0,1,0,0,0,0,0,0,0,1,1,0,0,0,0,0,0,0,0,0,0,0,0,0,0,0,0,1,0,0,0,0,0,0,0,0,0,0,0,0,0,0,0,0,0,0,0,0,0,0,0,0,0,0,0,0,0,0,0,0,0,0,0,0,0,0,0,0,0,0,0,0,0,0,0,1,0,0,0,0,0,0,0,0,0,0,0,1,0,1,0,0,0,0,0,0,0,0,0,0,0,0,1,0,0,0,1,0,0,0,0,0,0,1,0,0,0,0,0,0,0,0,0,0,0,0,0,0,0,0,0,0,0,0,0,0,0,0,0,0,0,0,0,0,0,0,0,1,0,0,0,0,0,0,0,0,0,0,0,0,0,0,0,0,0,0,0,1,0,0,0,0,0,1,0,0,0,0,0,0,0,0,1,0,1,1,0,0,0,0,0,0,0,0,0,0,0,0,0,0,0,0,0,0,0
Ali je zvočni posnetek javno objavljen / dostopen javnosti na zahtevo?,0.5,0,1,1,0,0.5,0,0.5,1,0,0,0.5,0.5,0.5,1,0.5,1,1,0,0.5,0,0.5,0.5,1,0,0.5,0.5,0.5,1,0,1,0.5,1,0.5,1,0,0,0,0,0.5,0.5,1,0.5,0.5,0,0,0,0.5,0,0.5,1,0.5,0.5,0.5,1,1,0,0.5,0,0.5,1,1,1,1,0,1,0.5,1,0,0.5,0.5,0.5,0,0,0,0.5,0,0.5,1,0,0,1,1,0.5,1,1,1,1,0,1,0.5,0,1,0.5,1,0.5,1,1,0,1,1,1,0.5,0.5,1,0.5,1,0,0.5,1,1,0.5,0.5,1,1,0.5,0.5,1,0.5,0.5,1,0,0,0.5,1,1,1,0,1,0.5,1,1,0.5,0.5,0,1,1,1,1,0.5,0.5,0.5,1,0.5,0,0.5,0.5,1,0.5,0.5,1,0.5,1,0,1,0.5,0.5,0.5,0.5,0.5,0,0.5,0,1,0,0.5,0.5,1,0.5,0.5,0,1,0.5,0.5,1,0.5,0.5,0,0,0.5,1,0.5,0.5,1,1,1,1,0.5,1,1,0.5,1,0,1,0,0.5,0,0.5,0.5,0,0.5,1,1,0.5,0.5,1,0.5,1,0,0,0,0
Kako dolgo se zvočni posnetki hranijo? ,0.5,0.5,0.5,0,0,1,1,0,1,0,0.5,0.5,1,0.5,1,0,1,0.5,0.5,0,1,1,1,0,0.5,1,1,1,0.5,0,0.5,1,0.5,1,0.5,0.5,1,0.5,0.5,1,1,1,0.5,1,0,0.5,0,0,0,0,0.5,0,0.5,1,1,1,1,1,0,1,1,1,1,1,0.5,0.5,0.5,1,0.5,0.5,0.5,0,0.5,0.5,0,0.5,0,1,1,1,0.5,0.5,0.5,0,1,1,1,0.5,0,0.5,0,1,0,1,0.5,1,1,0,0.5,0,0,1,1,1,1,0.5,0.5,0,1,0,0.5,0.5,1,0.5,0,1,1,0.5,1,0,1,0.5,0.5,0,0,0.5,0,0.5,1,1,0.5,1,0,1,0.5,1,0.5,0.5,1,0,1,0.5,0,0,1,0,0,0,0,1,0.5,0.5,0,0.5,0.5,0,1,1,0.5,0.5,0,0,0,0.5,0,1,0,0,0,1,0,0.5,0.5,0.5,1,0,1,0.5,0.5,1,1,1,1,1,1,0.5,1,0,0.5,0.5,1,0.5,0,1,0.5,1,1,1,0,0,1,0,0.5,0.5,1,0,0.5,1,0,0,0,0
Kako hitro so objavljeni sklepi/rezultati glasovanj seje občinskega sveta?,1,0,1,1,1,1,1,-1,0,1,1,0,1,0,1,1,1,1,1,-1,1,1,1,1,1,1,1,1,1,1,1,1,1,1,1,1,1,1,0,1,1,1,1,1,0,1,1,1,1,1,1,1,1,1,1,1,1,0,1,1,1,0,-1,1,1,1,1,1,1,1,1,1,1,1,1,0,1,1,1,1,1,1,2,1,1,1,1,1,-1,1,1,1,1,1,1,1,1,1,1,1,1,1,1,1,1,1,0,1,1,1,1,1,1,2,1,1,1,0,1,1,1,1,1,1,0,0,1,1,1,1,1,1,0,1,1,1,1,1,1,-1,1,1,1,1,1,1,1,1,1,1,1,0,0,1,0,1,1,-1,1,2,0,1,1,1,1,1,1,1,1,1,1,1,1,1,1,0,0,1,1,1,1,1,-1,1,1,1,1,1,1,1,1,1,-1,1,1,1,1,1,1,1,1,1,1,1,-1,1,1,1,1,1,1,1
Ali obstaja transkript seje?,0.5,0,0,0,0,0,0,0,0,0,0,0.5,0.5,0.5,0,0.5,0,0,0.5,0,0,0,0,0.5,0.5,0,0.5,0,0,0.5,0,0,0.5,0,0,0,0,0,0.5,0,1,0.5,0,0,0.5,0,0.5,0,0.5,0.5,0,0.5,0.5,0.5,0,0.5,0,0,0.5,0.5,0,0.5,0,0,0,0,0,0,0,0,0,0,1,0,0.5,0,0.5,0,0,0,0.5,0,1,0,0.5,0,0.5,0.5,0,0,0.5,0.5,0,0.5,0,0.5,0.5,0,0.5,0.5,0,0.5,0,0.5,0.5,0.5,0,0.5,0.5,0,0.5,0.5,0,1,0,0,0.5,0,0,0.5,0,0,0.5,0.5,0.5,0,0,0.5,0,0,0,0,0,0.5,0,0,0.5,0.5,0,0,0.5,0.5,0,0,0.5,0,0.5,0,0,0.5,0,0,0,0,0,0,0,0,0.5,0,0,0,0,0,0,0.5,0,0.5,0,0,0,0,0,0.5,0.5,0.5,0.5,0,0,0,0,0,0,0,0.5,0,0.5,0,0,0.5,0.5,0.5,0,0,0,0,1,0,0,0.5,0,0,0.5,0.5,0,0,0,0,0,0.5,0.5,0.5
Ali obstajajo individualni (poimenski) rezultati glasovanja?,0,2,0,0,0,0,0,0,0,0,0,0,0,0,0,0,0,0,0,0,2,0,0,0,0,0,2,0,0,2,0,0,2,0,0,0,0,0,0,0,0,0,0,0,0,0,0,0,0,0,0,0,0,0,0,0,0,0,0,0,2,0,0,0,0,0,0,0,0,0,0,0,0,0,0,0,0,0,0,0,0,0,2,0,0,2,0,0,0,0,0,0,0,0,0,0,0,0,0,0,0,0,0,0,0,0,0,0,0,0,0,0,0,2,0,0,0,0,0,0,0,0,0,0,0,0,2,0,0,0,0,2,0,0,0,0,0,0,0,0,0,2,0,0,0,0,0,0,0,0,0,0,0,0,0,0,0,0,2,0,0,0,0,0,0,0,0,0,0,0,0,0,0,0,0,2,0,0,0,0,0,0,0,0,0,0,0,0,0,0,0,0,0,0,0,0,0,0,0,0,0,0,0,2,0,0,0,0,0,0,0,0
Ali OS redno objavlja pregled realizacije sklepov? ,2,0,2,2,2,2,0,0,0,2,0,2,2,0,2,0,2,0,0,0,0,0,0,2,2,0,0,0,0,0,2,0,0,0,0,0,0,2,0,0,0,0,0,0,0,0,0,0,0,0,2,0,0,0,2,2,0,0,2,0,0,0,0,2,2,2,2,0,0,0,0,0,2,0,0,0,0,0,2,0,0,0,0,0,0,0,0,0,0,0,0,0,0,0,0,2,2,0,0,0,0,2,0,0,0,0,0,2,0,0,0,0,0,2,0,0,0,0,0,0,0,0,2,0,0,0,2,0,0,2,0,0,0,0,2,0,2,0,2,0,0,2,0,0,2,0,2,0,0,2,0,0,0,0,2,2,0,0,0,0,0,0,2,0,0,0,0,0,0,0,2,2,0,2,2,0,2,0,0,0,0,0,2,0,0,2,0,0,0,2,0,0,0,0,0,0,2,2,0,0,0,0,0,0,0,0,2,2,0,0,2,0
SEJE DT,,,,,,,,,,,,,,,,,,,,,,,,,,,,,,,,,,,,,,,,,,,,,,,,,,,,,,,,,,,,,,,,,,,,,,,,,,,,,,,,,,,,,,,,,,,,,,,,,,,,,,,,,,,,,,,,,,,,,,,,,,,,,,,,,,,,,,,,,,,,,,,,,,,,,,,,,,,,,,,,,,,,,,,,,,,,,,,,,,,,,,,,,,,,,,,,,,,,,,,,,,,,,,,,,,,,
Ali so seje delovnih teles najavljene vnaprej na spletni strani občine?,0,0,0,0,0,0,1,0,0,0,0,0,0,0,0,0,0,0,0.5,0,0,0,0,0,0,0,0,0,0,0,0,0,0,0,0,0,0,0,0,0,0,1,0,0,0,0,1,0,0,0,0,0,0,0,0,0,0.5,0,0,0,0.5,0,0,0,0,0,0,1,0,0,0,0,0,0,0,0,0,0,0,0,0,0,1,0,0,1,0,0,0,0,0,0.5,0,0,0,0,0,0,0,0,0,0,0,0,0,0.5,0,0,0,0,0,0,0,0.5,0.5,0,0,0,0,0,0,0,0,0,0,0,0,0,0,0,0,0,0,0,0,0,0,0,0,0,0,0,0,0,0,0,0,0,0,0,0,0,0,0,0,0,0,0,0,0,0,0,0,0,0,0,0,0,0,0,0,1,0,0,0,0,0,0,0,0,0,0,0,0.5,0.5,0,0,0,0,0,0,0,0,0,0,0,0,0,0,0,0,0,0,0,0,0,0.5,0.5,0,0,0,0
Ali so vsa gradiva za seje DT objavljene vnaprej?,1,0,0,0,0,0,0,0,0,0,0,0,0,0,0,0,0,0,0,0,0,0,0,0,0,0,0,0,0,0,0,0,0,0,0,0,0.5,0,0,0,0,1,0,0,0,0,0,0,0,0,0,0,0,0,0,0,0.5,0,0,0,0,0,0,0,0,0,0,0,0,0,0,0,0,0,0,0,0,0,0,0,0,0,0,0,0,1,0,0,0,0,0,0,0,0,0,0,0,0,0,0,0,0,0,0,0,0.5,0,0,0,0,0,0,0,0,0.5,0,0,0,0,0,0,0,0,0,0,0,0,0,0,0,0,0,0,0,0,0,0,0,0,0,0,0,0,0,0,0,0,0,0,0,0,0,0,0,0,0,0,0,0,0,0,0,0,0,0,0,0,0,0,0,0,0,0,0,0,0,0,0,0,0,0,0,0,0.5,0,0,0,0,0,0,0,0,0,0,0,0,0,0,0,0,0,0,0,0,0,0,0,0.5,0,0,0,0
Ali so sklepi / rezultati / zapisnik glasovanj odborov in komisij LOČENO javno objavljeni? ,1,0,0,0,0,0,0,0,0,0,0,0,0,1,1,0,1,0,0,0,0,0,0,0,0,0,0,0,0,0,0,0,0,0,0,1,0,0,1,0,1,0,0,0,0,0,0,0,0,0,0,0,1,0,0,1,1,1,0,0,1,1,0,1,1,0,1,1,1,0,0,0,1,1,0,0,0,0,0,0,0,0,1,1,0,1,1,0,0,0,0,0,0,0,1,0,0,0,0,0,0,0,1,0,0,1,0,0,0,0,0,0,0,0,1,0,0,0,0,1,1,0,0,0,1,0,0,1,1,0,1,1,0,0,0,0,0,1,1,0,1,0,0,0,0,0,0,1,0,0,1,1,0,0,1,1,0,0,0,0,0,0,0,1,0,0,0,0,0,1,1,0,1,0,0,0,0,1,0,0,0,0,0,1,0,0,0,0,0,0,0,0,0,0,0,0,0,0,1,0,0,0,0,0,0,0,1,1,0,0,0,1
Kako hitro so objavljeni sklepi / rezultati / zapisniki seje DT?,0,0,0,0,0,0,0,0,0,0,0,0,0,0,0,0,0,0.5,0,0.5,0,0,0,0,0,0,1,0,0,0,0,0,0,0,0,0,0,0,0,0,0,0,0,0,0,0,0,0,0,0,0,0,0,0,0,1,0.5,0,0,0,0,0.5,0,0,0,0,0,1,0,0,0,0,0.5,0,0,0,0,0,0,0,0,0,0.5,0,0,0.5,1,0,0,0,0,0,0,0,0,0,0,0,0,0,0,0,0,0,0,0,0,0,0,0,0,0,0,0,0,0,0,0,0,0,0,0,0,0,0,0,0,0,0.5,0,0,0.5,0,0,0,0,0,0,0,0,0,0,0,0,0,0,0,0,0,0,0,0,0,0,0,0,0,0,0,0,0,0,0,1,0,0,0,0,0,0,0,0,0,0,0,0,0,0,0,0,0,0,0,0.5,0,0,0,0,0,0,0,0,0,0,0,0,0,0,0,0,0,0,0,0,0,0,0.5,0.5,0,0,0,0
Ali obstaja transkript seje?,0,0,0,0,0,0,0,0,0,0,0,0,0,0,0,0,0.5,0,0,0,0,0,0,0,0,0,0,0,0,0,0,0,0,0,0,0.5,0,0,0.5,0,0.5,0,0,0,0,0,0,0,0,0,0,0,0,0,0,0,0,0,0,0,0,0.5,0,0,0,0,0,0,0,0,0,0,0,0.5,0,0,0,0,0,0,0,0,0,0,0,0,0,0,0,0,0,0,0,0,0,0,0,0,0,0,0,0,0,0,0,0,0,0,0,0,0,0,0,0,0,0,0,0,0,0,0,0,0,0,0,0,0,0,0,0,0,0.5,0,0,0,0,0,0.5,0,0,0,0,0,0,0,0,0,0,0,0,0,0,0,0,0,0,0,0,0,0,0,0,0,0,0,0,0,0,0,0,0,0,0,0,0,0,0,0,0,0,0,0,0,0,0,0,0,0,0,0,0,0,0,0,0,0,0,0,0.5,0,0,0,0,0,0,0,0,0.5,0,0,0,0.5
Ali so rezultati glasovanj objavljeni poimensko za vsakega svetnika? ,0,0,0,0,0,0,0,0,0,0,0,0,0,0,0,0,0,0,0,0,0,0,0,0,0,0,0,0,0,0,0,0,0,0,0,0,0,0,0,0,0,0,0,0,0,0,0,0,0,0,0,0,0,0,0,0,0,0,0,0,0,0,0,0,0,0,0,0,0,0,0,0,0,0,0,0,0,0,0,0,0,0,0,0,0,0,0,0,0,0,0,0,0,0,0,0,0,0,0,0,0,0,0,0,0,0,0,0,0,0,0,0,0,0,0,0,0,0,0,0,0,0,0,0,0,0,0,0,0,0,0,0,0,0,0,0,0,0,0,0,0,0,0,0,0,0,0,0,0,0,0,0,0,0,0,0,0,0,0,0,0,0,0,0,0,0,0,0,0,0,0,0,0,0,0,0,0,0,0,0,0,0,0,0,0,0,0,0,0,0,0,0,0,0,0,0,0,0,0,0,0,0,0,0,0,0,0,0,0,0,0,0
PREGLEDNOST SPLETNE STRANI IN DOSTOP DO INFORMACIJ,,,,,,,,,,,,,,,,,,,,,,,,,,,,,,,,,,,,,,,,,,,,,,,,,,,,,,,,,,,,,,,,,,,,,,,,,,,,,,,,,,,,,,,,,,,,,,,,,,,,,,,,,,,,,,,,,,,,,,,,,,,,,,,,,,,,,,,,,,,,,,,,,,,,,,,,,,,,,,,,,,,,,,,,,,,,,,,,,,,,,,,,,,,,,,,,,,,,,,,,,,,,,,,,,,,,
UPORABNIKU PRIJAZNI PODATKI,,,,,,,,,,,,,,,,,,,,,,,,,,,,,,,,,,,,,,,,,,,,,,,,,,,,,,,,,,,,,,,,,,,,,,,,,,,,,,,,,,,,,,,,,,,,,,,,,,,,,,,,,,,,,,,,,,,,,,,,,,,,,,,,,,,,,,,,,,,,,,,,,,,,,,,,,,,,,,,,,,,,,,,,,,,,,,,,,,,,,,,,,,,,,,,,,,,,,,,,,,,,,,,,,,,,
"Ali je na spletni strani javno objavljeno, kdaj je bil kakšen dokument objavljen?",2,0,1,0,0,0,2,2,0,2,0,0,2,0,0,0,0,0,0,2,0,0,0,0,0,0,1,0,0,1,0,0,0,0,0,0,0,0,0,0,0,2,0,0,0,0,0,0,0,0,0,2,0,0,2,2,1,0,0,2,1,2,2,0,0,0,1,2,0,0,0,0,0,0,0,0,0,2,2,0,0,2,2,0,0,2,2,2,0,0,0,0,0,0,0,0,0,2,0,0,0,0,0,0,0,0,0,2,0,0,0,0,0,0,0,0,0,0,0,0,0,2,2,0,0,2,0,1,2,0,0,0,0,0,1,0,0,0,0,2,0,2,0,0,2,0,2,0,0,0,0,0,2,0,0,0,0,0,0,0,0,0,0,2,0,0,0,0,0,0,0,1,0,0,0,2,0,0,2,0,0,0,0,0,0,0,2,0,0,0,0,0,0,0,0,2,2,0,0,0,0,2,0,0,0,0,0,0,0,0,2,0
Ali so objavljeni zapisniki/transkripti/glasovanja v strojno berljivem formatu?,1,1,0,1,1,1,1,0,1,0,1,1,1,1,1,1,1,1,1,1,1,1,1,1,1,1,1,1,1,0,1,0,1,1,0,1,1,0,0,0,1,1,1,1,0,1,1,1,1,0,0,1,1,1,1,1,1,1,1,1,1,1,0,1,1,0,0,0,1,0,1,1,0,1,0,1,0,0,1,1,1,0,1,1,1,1,1,0,0,1,0,1,1,1,1,1,1,1,1,1,1,1,1,1,1,1,0,1,1,0,1,0,0,1,1,1,1,1,0,0,1,1,1,1,0,1,1,1,0,0,0,1,1,1,0,0,1,1,1,1,0,1,1,0,0,1,1,1,0,1,1,0,0,1,1,1,1,1,0,1,1,1,0,0,0,1,0,0,1,1,0,0,0,0,1,0,1,0,0,1,1,1,0,1,1,0,0,1,1,1,1,1,0,1,0,0,1,0,0,0,0,1,1,1,0,0,0,1,0,1,1,1
Ali so objave in dokumenti o isti seji povezani med seboj (na isti podstrani oz. povezani z hiperlinki)?,2,2,2,2,2,2,2,0,2,2,2,2,2,2,2,2,2,2,0,2,2,2,2,2,2,2,2,2,2,2,2,2,2,2,2,2,2,2,2,0,2,2,2,2,2,2,2,2,2,2,2,2,2,2,2,2,2,2,2,2,2,0,0,2,0,2,2,2,2,2,2,2,2,2,2,2,2,2,2,2,2,2,2,2,2,2,2,2,0,2,2,2,2,2,0,2,2,2,2,2,2,2,2,2,2,2,2,2,2,2,2,2,2,0,2,0,0,2,0,2,2,2,2,2,2,2,2,2,2,2,2,2,2,2,0,2,2,2,2,2,2,2,2,2,2,2,2,2,2,2,2,2,0,2,2,2,2,2,2,2,2,2,2,2,0,0,2,2,2,2,2,2,2,2,2,0,2,2,2,2,2,2,2,2,2,2,2,2,2,2,2,0,0,2,2,0,2,2,2,2,2,2,0,2,0,2,2,2,2,2,2,2
Ali lahko iščem po sejah OS? ,0,0,0,0,0,0,0,0,0,0,0,0,0,0,0,0,0,0,0,0,0,0,0,0,0,0,0,0,0,0,0,0,0,0,0,0,0,0,0,0,0,0,0,0,0,0,0,0,0,0,0,0,0,0,0,0,0,0,0,0,0,0,0,0,0,0,0,0,0,0,0,0,1,0,0,0,0,0,0,0,0,0,0,0,0,0,0,0,0,0,0,0,0,0,0,0,0,0,0,0,0,0,0,0,0,0,0,0,0,0,0,0,0,0,0,0,0,0,0,0,0,0,0,0,0,0,0,0,0,0,0,0,0,0,0,0,0,0,0,0,0,0,0,0,0,0,0,0,0,0,1,0,0,0,0,0,0,0,0,0,0,0,0,0,0,0,0,0,0,0,0,0,0,0,0,0,0,0,0,0,0,0,0,0,0,0,0,0,0,0,0,0,0,0,0,0,0,0,0,0,0,0,0,0,0,0,0,0,0,0,0,0
"Ali obstaja poizkus kakršnega koli historičnega prikazovanja podatkov? (primeri: zgodovina glasovanj svetnika, vsa glasovanja skupaj, vsa glasovanja o okolju ...)",0,0,0,0,0,0,0,0,0,0,0,0,0,0,0,0,0,0,0,0,0,0,0,0,0,0,0,0,0,0,0,0,0,0,0,0,0,0,0,0,0,0,0,0,0,0,0,0,0,0,0,0,0,0,0,0,0,0,0,0,0,0,0,0,0,0,0,0,0,0,0,0,0,0,0,0,0,0,0,0,0,0,0,0,0,0,0,0,0,0,0,0,0,0,0,0,1,0,0,0,0,0,0,0,0,0,0,0,0,0,0,0,0,0,0,0,0,0,0,0,0,0,0,0,0,0,0,0,0,0,0,0,0,0,0,0,0,0,0,0,0,0,0,0,0,0,0,0,0,0,0,0,0,0,0,0,0,0,0,0,0,0,0,0,0,0,0,0,0,0,0,0,0,0,0,0,0,0,0,0,0,0,0,0,0,0,0,0,0,0,0,0,0,0,0,0,0,0,0,0,0,0,0,0,0,0,0,0,0,0,0,0
Ali ima občina objavljeno prečiščeno verzijo poslovnika,0,2,0,0,0,2,2,0,2,2,1,0,2,2,2,0,2,2,2,2,2,2,2,2,2,1,2,0,2,2,0,2,2,0,2,0,0,2,2,0,0,2,0,2,0,2,0,0,2,0,0,2,0,2,2,2,0,2,2,0,2,0,0,0,0,0,0,2,0,0,2,2,2,0,0,0,0,2,2,0,1,2,2,2,0,2,2,2,2,2,2,2,2,0,2,0,2,2,2,0,0,0,2,0,2,2,2,2,0,2,0,0,2,2,2,2,2,0,2,0,2,2,0,0,0,0,1,0,2,2,1,0,0,0,0,1,2,2,0,0,2,2,0,2,2,2,2,2,2,0,1,2,0,2,0,2,2,0,0,0,0,0,2,0,2,2,2,2,0,2,0,1,2,0,2,2,2,2,2,0,2,2,0,2,0,2,2,0,2,2,2,2,2,0,0,2,2,2,2,0,1,1,2,2,2,1,2,2,2,0,2,2
SVETNIKI,,,,,,,,,,,,,,,,,,,,,,,,,,,,,,,,,,,,,,,,,,,,,,,,,,,,,,,,,,,,,,,,,,,,,,,,,,,,,,,,,,,,,,,,,,,,,,,,,,,,,,,,,,,,,,,,,,,,,,,,,,,,,,,,,,,,,,,,,,,,,,,,,,,,,,,,,,,,,,,,,,,,,,,,,,,,,,,,,,,,,,,,,,,,,,,,,,,,,,,,,,,,,,,,,,,,
"Ali so javno objavljeni kontaktni podatki članov občinskega sveta (elektronski naslov, telefonska številka ...)? ",2,0,0,0,0,2,0,0,0,2,2,2,2,0,2,0,2,2,2,0,0,0,0,2,0,2,2,0,0,0,2,0,0,0,0,0,0,0,0,2,0,0,0,0,0,0,0,2,0,0,0,2,0,0,0,2,0,0,0,0,2,0,2,0,0,2,0,0,0,2,0,0,0,2,0,2,2,0,0,2,0,0,0,0,0,0,0,0,0,2,0,0,0,0,2,0,2,0,0,0,2,0,2,0,0,0,0,0,0,0,0,0,0,0,0,0,0,0,0,0,0,0,0,2,0,0,2,0,0,2,2,2,0,0,2,2,2,2,0,0,0,0,0,0,2,0,2,0,0,0,0,0,0,2,0,0,2,0,2,0,2,2,2,0,2,0,0,2,2,2,0,2,2,0,0,0,0,0,0,0,0,0,2,0,2,0,0,2,2,0,0,0,0,0,0,0,0,2,0,0,2,0,0,0,2,0,0,0,0,0,0,0
Ali je na podstrani mestnega sveta objavljena stranskarska pripadnost članov občinskega sveta?,2,2,0,0,0,0,2,2,2,2,2,2,0,2,2,2,2,2,2,2,0,0,0,2,0,2,0,0,2,2,2,0,2,2,2,0,0,0,0,0,2,2,0,2,0,2,0,2,0,2,2,2,2,2,2,2,2,2,2,0,2,2,2,2,0,2,2,2,2,0,0,0,2,2,2,2,2,0,2,2,2,2,2,0,0,2,2,0,0,2,2,0,2,2,2,2,2,2,0,2,2,2,0,2,2,2,2,0,2,2,0,2,0,2,2,0,2,2,0,2,2,2,0,0,2,2,2,2,0,2,2,2,2,2,2,0,2,2,0,0,0,2,0,0,2,0,2,2,2,2,2,0,2,2,0,0,0,0,2,2,0,0,2,0,2,2,0,2,2,2,0,2,2,2,2,2,2,0,2,0,2,2,0,2,2,2,2,2,2,2,2,2,0,2,0,0,2,0,0,2,0,2,0,2,0,0,2,2,0,2,2,2
"Ali so na spletni strani občine objavljeni bolj podrobni osebni podatki o svetnikih (info o zaposlitvi, izobrazbi, mandatu ipd.)?",0,0,0,0,0,0,0,0,0,0,0,0,0,0,0,0,0,0,0,0,0,0,0,0,0,0,0,0,0,0,2,0,0,0,0,0,0,0,0,0,0,0,0,0,0,0,0,0,0,0,0,0,0,0,0,2,0,0,0,0,0,0,0,0,0,0,0,2,0,0,0,0,0,0,0,0,0,0,0,0,0,0,2,0,0,0,0,0,0,0,0,0,0,0,2,0,2,0,0,0,0,0,2,0,0,0,0,0,0,0,0,0,0,2,0,0,0,0,0,0,0,0,0,0,0,0,0,0,0,0,0,0,0,0,0,0,0,2,0,0,0,0,0,0,0,0,0,0,0,0,0,0,0,0,0,0,0,0,0,0,0,0,0,0,0,0,0,0,0,0,0,0,0,0,0,0,0,0,0,0,0,0,0,0,0,0,0,0,0,0,0,0,0,0,0,0,0,0,0,0,0,0,0,0,0,0,0,0,0,0,0,0
Ali so javno objavljeni podatki o članstvu v odborih in komisijah? ,2,0,2,2,2,2,2,2,2,2,2,2,2,2,2,2,2,2,0,2,2,2,2,2,2,2,2,0,2,2,2,2,2,2,2,2,2,2,2,2,2,2,0,2,2,2,2,2,0,2,2,2,2,2,2,2,2,2,2,2,2,2,2,2,0,2,2,2,2,2,0,2,2,2,2,2,0,2,2,2,2,2,2,2,2,2,2,2,0,2,2,2,2,0,2,2,2,2,2,2,2,2,2,2,2,2,2,2,2,2,2,2,2,2,2,2,2,2,0,0,2,2,0,2,2,2,2,2,2,2,2,2,2,0,2,2,0,2,2,2,2,2,2,2,2,2,2,2,2,2,2,2,2,2,2,2,2,2,2,2,2,2,2,2,2,2,2,0,2,2,2,2,2,2,2,0,2,2,2,2,2,2,2,0,2,2,2,2,2,2,2,2,0,0,0,2,2,0,2,2,2,2,2,2,0,2,2,2,2,2,0,2
"Ali so javno in ločeno objavljeni odgovori na pobude, predloge in vprašanja svetnikov?",2,0,0,0,0,0,2,0,0,0,0,0,2,0,2,0,2,2,0,2,0,0,0,0,0,0,0,0,2,0,0,0,0,0,2,2,2,0,2,0,2,2,0,0,0,0,0,2,0,0,0,0,0,0,0,0,2,2,0,0,2,0,0,0,0,0,0,2,2,0,0,0,0,0,0,2,0,0,0,0,2,2,2,0,0,0,2,0,0,0,0,0,0,2,2,0,2,0,0,0,0,0,0,0,0,0,0,0,0,0,0,0,0,2,2,0,0,0,0,0,2,2,0,0,0,0,0,2,0,0,0,2,0,0,0,0,0,2,2,0,0,0,2,0,2,0,0,2,0,0,2,2,2,2,0,0,0,0,0,0,0,0,0,0,0,0,0,0,0,0,2,2,0,2,2,0,0,0,2,0,2,0,0,2,0,2,0,0,2,0,0,2,0,0,0,0,0,0,0,0,0,0,0,2,0,0,2,2,0,0,2,0
PRORAČUN,,,,,,,,,,,,,,,,,,,,,,,,,,,,,,,,,,,,,,,,,,,,,,,,,,,,,,,,,,,,,,,,,,,,,,,,,,,,,,,,,,,,,,,,,,,,,,,,,,,,,,,,,,,,,,,,,,,,,,,,,,,,,,,,,,,,,,,,,,,,,,,,,,,,,,,,,,,,,,,,,,,,,,,,,,,,,,,,,,,,,,,,,,,,,,,,,,,,,,,,,,,,,,,,,,,,
Ali se proračun sprejema v zakonskem roku?,1,1,1,0.5,1,0.5,1,0.5,1,1,0.5,1,1,1,0.5,1,1,0.5,1,0,1,1,0.5,0.5,0.5,1,1,0,1,1,0.5,1,0.5,1,1,1,1,1,1,1,1,0,1,1,0.5,1,1,1,1,1,1,1,1,0.5,1,1,1,1,0.5,1,1,1,1,0,0.5,1,1,1,1,1,1,0.5,1,1,0.5,1,1,0.5,1,1,1,1,1,1,0.5,1,0.5,0.5,1,0.5,0.5,1,1,0.5,1,1,1,1,0.5,0.5,0.5,1,1,1,1,1,1,1,1,0.5,1,1,1,1,1,0.5,0.5,1,0.5,1,0.5,1,1,1,1,0.5,0.5,1,1,1,0.5,1,1,1,1,0.5,0.5,1,0.5,1,1,0.5,1,0.5,1,0.5,0.5,0.5,0.5,0.5,1,1,1,0.5,1,1,1,1,0.5,1,1,1,1,0,1,1,0,1,1,1,1,1,0.5,1,1,1,1,1,0.5,1,1,1,1,1,1,1,1,0.5,1,1,0.5,1,0.5,1,0.5,1,0.5,1,1,1,1,1,1,1,1,1,1,1,1,1,1,1
Ali se proračun sprejema z enim ali dvema branjema?,1,0,1,1,1,1,1,1,1,1,1,1,1,1,1,1,1,1,1,1,1,1,0,1,1,1,1,1,1,1,1,1,1,1,1,1,1,1,1,0,1,1,1,1,1,1,1,1,1,1,1,1,1,1,0,1,0,1,1,1,1,1,1,1,1,1,1,1,1,1,1,1,1,1,1,1,1,1,1,1,1,1,1,1,1,1,1,1,1,1,1,1,1,0,1,1,1,1,1,1,1,1,1,1,1,1,1,1,1,1,1,1,1,1,1,1,1,1,1,1,1,1,1,1,1,1,1,0,1,1,1,1,1,1,1,1,1,1,1,1,1,1,1,1,1,1,1,1,1,1,1,1,1,1,1,1,1,1,1,1,1,1,1,1,1,1,1,1,1,1,1,1,1,1,1,1,1,1,1,1,1,1,1,1,1,1,1,1,1,1,1,1,1,1,1,1,1,1,1,1,1,1,1,1,1,1,1,1,1,1,1,1
Ali so predlogi proračunov pred prvim in drugim branjem javno objavljeni?,1,-1,0.5,0.5,0,0,0,1,0,0.5,0.5,0,1,0,0.5,-1,0,0,1,1,0,0.5,-1,0.5,0.5,0.5,1,0.5,0.5,0.5,0.5,0.5,0,0.5,0,0,0.5,0.5,0,0,0.5,0,0,-1,0.5,0.5,0,0.5,0,-1,0,0.5,0,0.5,0.5,0.5,0,0,0.5,1,0.5,1,-1,0.5,0.5,0.5,1,-1,0,0.5,0,0,1,0.5,0.5,0,0,-1,1,0.5,0,0,1,0.5,0.5,0.5,0.5,0,1,0,0.5,0.5,0.5,0.5,0.5,0.5,0.5,-1,0,0,0,0.5,0,0.5,0.5,0.5,0.5,0.5,0.5,0.5,0,0,0,0.5,0.5,-1,-1,0,-1,0.5,0.5,0,1,-1,-1,1,0.5,0.5,1,0.5,-1,0.5,0,0.5,-1,0.5,0,0.5,0,-1,0.5,1,0,-1,1,0.5,1,0.5,0.5,0.5,0.5,0.5,1,0.5,0.5,0.5,-1,0.5,0.5,0,0,0.5,0.5,0,-1,-1,0,0.5,0,0.5,0,0,0.5,0.5,0,0.5,0.5,0.5,0,0,1,0.5,0,0.5,0,0.5,0.5,0.5,0.5,1,0.5,0.5,-1,-1,0,0.5,0.5,0.5,-1,0.5,0,0,0,0.5,0,0.5,0.5,0.5,0.5,0.5,0,0.5
Ali je predlog proračuna v strojno berljivem formatu?,0.5,0.5,0.5,0.5,0.5,0.5,0.5,0,0.5,0.5,0.5,0,0.5,0,0.5,0,0.5,0.5,0.5,0.5,0.5,0.5,0.5,0.5,0.5,0.5,0.5,0.5,0.5,0,0.5,0,0.5,0.5,0,0.5,0.5,0.5,0.5,0,0.5,0.5,0.5,0,0,0.5,0.5,0.5,0.5,0,0.5,0.5,0.5,0.5,0.5,0.5,0.5,0.5,0.5,0.5,0.5,0.5,0.5,0.5,0.5,0.5,0.5,0.5,0.5,0.5,0,0.5,0.5,0.5,0.5,0.5,0,0,0.5,0.5,0.5,0.5,0.5,0.5,0.5,0.5,0.5,0.5,0.5,0.5,0.5,0.5,0.5,0.5,0.5,0.5,0,0,0.5,0.5,0,0.5,0.5,0.5,0.5,0.5,0.5,0,0.5,0.5,0.5,0,0.5,0.5,0.5,0,0,0.5,0,0,0.5,0.5,0.5,0.5,0,0.5,0.5,0.5,0.5,0,0,0.5,0.5,0.5,0,0.5,0.5,0.5,0.5,0,0.5,0.5,0.5,0,0,0.5,0.5,0.5,0,0.5,0.5,0.5,0.5,0.5,0.5,0.5,0,0.5,0.5,0.5,0.5,0.5,0.5,0,0.5,0,0,0.5,0.5,0.5,0.5,0,0,0,0.5,0.5,0,0.5,0,0.5,0.5,0.5,0.5,0.5,0.5,0.5,0.5,0.5,0.5,0.5,0,0.5,0,0,0,0.5,0,0.5,0,0,0.5,0.5,0.5,0.5,0.5,0.5,0.5,0.5,0,0.5,0.5,0
"Ali so javno objavljene izpisane spremembe, ki so nastale med prvim in drugim branjem predloga proračuna?",0,0,0.5,0,0,0,0,0,0,0,0.5,0,1,0,0.5,0,0,0,1,0.5,0,0,0,0,0.5,0,1,0,0.5,0,0,0,0,0,0,0,0,0.5,0,0,0.5,0.5,0,0,0.5,0,0,0.5,0,0,0,0,0,0,0,0.5,0,0,0.5,0,0.5,0,0,0,0,0.5,0,0,0,0,0,0,1,0.5,0.5,0,0,0,0,0.5,0,0,0,0.5,0.5,0,0.5,0,0,0,0.5,0,0.5,0,0.5,0,0.5,0,0,0,0.5,0.5,0,0,0.5,0,0.5,0.5,0.5,0,0,0,0,0.5,0,0,0.5,0,0,0,0.5,0,1,0,0,1,0,0,0,0.5,0,0.5,0,0.5,0,0.5,0,0.5,0,0,0.5,1,0,0,1,0.5,1,0,0.5,0.5,0,0.5,1,0.5,0,0.5,0,0.5,0.5,0,0,0,0.5,0,0,0.5,0,0.5,0.5,0.5,0,0,0.5,0,0,0,0.5,0,0,0,0.5,0,0,0.5,0.5,0.5,0.5,0,0,0,0.5,0.5,0,0,0,0,0,0.5,0.5,0.5,0,0,0,0.5,0,0,0,0.5,0,0.5,0,0
Ali se vsaj enkrat letno javno objavi poročilo o izvajanju proračuna?,1,0,1,0,0,1,1,0,0,0,0,1,1,0,1,0,1,0,0,1,0,1,1,0,1,1,1,0,0,1,1,1,1,0,0,1,1,1,1,1,0,1,0,1,1,1,1,1,0,1,1,0,0,0,1,1,0,1,0,0,1,0,1,1,1,1,1,1,0,0,1,1,1,1,1,1,0,0,0,0,1,0,1,0,0,1,0,0,1,1,0,0,1,0,1,1,0,1,1,0,1,1,0,0,1,1,0,1,1,1,1,0,1,1,0,0,1,1,0,0,1,1,1,0,0,1,1,1,1,0,0,1,1,1,0,1,1,1,0,0,0,1,0,1,1,1,0,1,1,1,1,1,1,1,0,1,0,0,0,1,0,0,0,1,1,1,1,1,1,0,0,1,1,1,1,0,1,1,0,1,1,0,1,1,0,1,1,1,1,1,1,1,0,0,0,1,1,1,1,1,1,1,1,1,0,1,1,1,0,0,0,0
Ali so predlogi rebalansov proračuna javno objavljeni?,1,0,0.5,0.5,0,0.5,1,1,0,0.5,0.5,0,1,0,0.5,0.5,0,0,1,1,0,0.5,0,0.5,0.5,0.5,1,0,0.5,0.5,0.5,0.5,0,0,0,0,0.5,0.5,0,0,0.5,0,0,0,0.5,0.5,0,0.5,0,0,0,0,0,0.5,0.5,0.5,0,0,1,1,0.5,1,0,0.5,0.5,0.5,1,0.5,0.5,0.5,0,0,1,0.5,0.5,0,0,0,1,0.5,0,0,0.5,0.5,0.5,0.5,0.5,0,1,0,0.5,0,0.5,0.5,0.5,0.5,0.5,0,0,0,0,0.5,0,0.5,0.5,0.5,0.5,0.5,0.5,0.5,0,0,1,0.5,0.5,0,0.5,0,0,0.5,0.5,0,1,0.5,0,1,0.5,0.5,1,0.5,0,0.5,0,0.5,0,0.5,0,0.5,0,0,0.5,1,0,0,1,0.5,1,0.5,0.5,0.5,0.5,0.5,1,0.5,0.5,0.5,0,0,0.5,0,0,0.5,0.5,0,0.5,0,0,0.5,0.5,0.5,0,0,0.5,0.5,0,0,0.5,0.5,0,0,0.5,0.5,0,0.5,0.5,0.5,0.5,0.5,0.5,1,0.5,0.5,0,0,0,0.5,0.5,0.5,0.5,0.5,0,0,0,0.5,0,0.5,0.5,0.5,0.5,0.5,0,0.5
Ali se rebalansi sprejemajo po rednem postopku?,1,0,1,1,0,0,0,0,0,0,0,0,0,0,0,1,0,0,1,0,0,0,0,0,0,0,0,1,0,0,0,0,0,1,0,0,0,0,0,0,0,0,0,0,0,0,0,0,1,0,0,0,0,0,0,0,1,0,0,0,0,0,0,0,0,1,0,0,1,0,0,0,0,0,1,1,0,0,0,1,0,1,1,1,0,1,0,0,1,1,1,0,1,1,0,1,0,0,0,0,1,1,1,0,1,0,0,0,1,0,0,1,1,0,0,1,1,1,1,1,0,0,1,1,0,0,1,1,1,0,1,1,1,1,0,1,0,0,1,0,1,1,1,0,1,1,1,1,1,1,0,0,1,0,1,1,1,1,1,1,1,1,1,0,1,1,0,1,0,1,1,0,1,1,1,1,1,1,0,1,1,1,1,1,1,0,1,1,0,1,1,1,0,1,0,1,0,1,1,1,0,1,1,0,1,1,1,0,1,1,1,1
Ali je predlog rebalansa objavljen v strojno berljivem formatu?,0.5,0,0.5,0.5,0.5,0.5,0.5,0,0.5,0.5,0.5,0,0.5,0,0.5,0.5,0.5,0.5,0.5,0.5,0.5,0.5,0.5,0.5,0.5,0.5,0.5,0,0.5,0.5,0.5,0.5,0.5,0.5,0.5,0.5,0.5,0.5,0.5,0,0.5,0,0.5,0,0,0.5,0.5,0.5,0.5,0,0.5,0.5,0.5,0.5,0.5,0.5,0.5,0.5,0.5,0.5,0.5,0.5,0,0,0.5,0.5,0.5,0.5,0.5,0.5,0,0.5,0.5,0.5,0,0.5,0.5,0,0.5,0.5,0.5,0.5,0.5,0.5,0.5,0.5,0.5,0.5,0.5,0.5,0.5,0,0.5,0.5,0.5,0.5,0.5,0.5,0.5,0.5,0,0.5,0.5,0.5,0.5,0.5,0,0,0.5,0.5,0.5,0.5,0.5,0.5,0.5,0,0.5,0.5,0,0,0.5,0.5,0.5,0.5,0,0.5,0.5,0,0.5,0,0,0.5,0,0.5,0,0.5,0.5,0.5,0.5,0,0.5,0.5,0.5,0,0,0.5,0.5,0.5,0,0.5,0.5,0.5,0.5,0.5,0.5,0.5,0,0,0.5,0.5,0.5,0.5,0.5,0,0,0,0,0.5,0.5,0.5,0,0,0,0.5,0.5,0.5,0,0.5,0,0.5,0.5,0.5,0.5,0.5,0.5,0.5,0.5,0.5,0.5,0.5,0.5,0.5,0,0,0,0.5,0,0.5,0,0,0.5,0.5,0.5,0.5,0,0.5,0.5,0.5,0,0.5,0.5,0
Ali je organizirana javna razprava glede predloga proračuna in ali je vabilo na javno razpravo objavljeno na spletnem mestu občine?,2,2,2,2,2,2,0,0,2,2,0,0,2,0,2,0,2,0,2,0,2,2,0,2,2,2,2,2,2,0,0,2,2,2,0,2,2,0,2,2,0,2,2,0,0,0,2,2,0,0,0,2,0,2,0,2,0,2,2,2,2,2,0,2,2,0,0,2,0,2,2,2,0,2,0,0,0,2,0,2,2,0,0,2,2,2,0,0,0,2,0,2,0,0,2,0,0,0,0,2,2,2,2,2,0,0,0,0,2,0,2,0,2,0,2,2,0,2,0,0,0,0,2,2,0,2,2,2,2,0,0,2,2,0,0,2,0,2,2,2,2,0,0,2,2,0,2,2,0,2,0,0,0,0,0,2,0,0,2,2,2,2,2,0,2,2,2,2,2,2,2,0,2,2,2,0,2,0,0,2,0,0,2,2,0,0,2,0,2,2,2,0,0,0,0,2,0,0,2,2,2,2,0,2,0,0,0,2,0,2,2,2
Koliko časa traja javna razprava?,1,1,1,1,2,2,0,0,1,1,0,0,1,1,1,0,1,0,1,0,2,1,0,2,0.5,1,1,2,2,0,0,1,1,0,0,1,1,0,2,2,0,1,2,0,0,0,1,2,0,0,0,1,0,1,0,1,0,1,1,1,1,1,0,1,1,0,0,2,0,1,1,1,0,1,0,0,0,2,0,1,1,0,2,1,1,1,0,0,0,2,0,1,0,0,2,0,0,0,0,2,1,1,1,1,0,0,0,0,2,0,1,0,2,0,1,1,1,1,0,0,0,0,1,2,0,1,2,1,0,0,0,2,1,0,0,2,0,1,1,2,1,0,0,1,1,0,1,1,0,1,0,0,0,0,0,1,0,0,1,1,1,1,1,0,1,1,1,1,2,1,1,0,1,2,1,0,1,0,0,1,0,0,1,1,0,0,1,0,1,1,1,0,0,0,0,1,0,0,1,1,1,1,0,1,0,0,0,1,0,1,2,2
Ali so rezultati javne razprave javno objavljeni?,1,0,1,0,0,0,0,0,1,0,0,0,1,0,0,0,0,0,1,0,1,0,0,0,1,0,1,0,1,0,0,0,0,0,0,1,0,0,1,0,0,0,0,0,0,0,0,1,0,0,0,0,0,0,0,0,0,0,1,0,0,0,0,1,0,0,0,0,0,0,0,0,0,1,0,0,0,0,0,0,0,0,0,1,1,1,0,0,0,1,0,0,0,0,1,0,0,0,0,0,1,1,1,0,0,0,0,0,1,0,0,0,1,0,1,0,1,1,0,0,0,0,0,0,0,1,0,1,0,0,0,1,0,0,0,0,0,1,1,0,1,0,0,0,0,0,1,0,0,1,0,0,0,0,0,1,0,0,0,1,0,1,1,0,0,0,0,1,0,1,1,0,1,0,1,0,1,0,0,0,0,0,1,1,0,0,1,0,0,0,1,0,0,0,0,0,0,0,1,0,1,0,0,1,0,0,0,0,0,1,0,0
Je proračun javno in samostojno objavljen na spletni strani?,0.5,0.5,0.5,0.5,0.5,0.5,0.5,0,0.5,0.5,0.5,0,0.5,0.5,0.5,0.5,0.5,0.5,0.5,0.5,0.5,-1,0.5,0.5,0.5,0.5,-1,-1,0.5,0.5,0.5,0.5,-1,-1,0.5,-1,0.5,0.5,0.5,0.5,0.5,0.5,0.5,0,0.5,0.5,-1,0.5,0.5,0,0.5,0.5,0.5,0.5,0.5,0.5,0.5,0.5,0.5,0.5,0.5,0.5,0.5,0.5,-1,0.5,0.5,0.5,0.5,0.5,0.5,0.5,0.5,0.5,0.5,0.5,0.5,0.5,-1,-1,0.5,-1,0.5,0.5,0.5,0.5,0.5,0.5,0.5,0.5,0.5,-1,0.5,0.5,0.5,0.5,0.5,0.5,0.5,0.5,0,0.5,0.5,0.5,0.5,0.5,0,0.5,-1,0.5,-1,0.5,0.5,0.5,0.5,-1,0.5,0.5,-1,-1,0.5,0.5,0.5,-1,0,0.5,0.5,0.5,0.5,0,0.5,0.5,-1,0.5,-1,0.5,0.5,0.5,0.5,0.5,0.5,0.5,0.5,0.5,0,-1,0.5,0.5,-1,0.5,0.5,0.5,0.5,0.5,0.5,-1,0.5,0,0.5,0.5,-1,0.5,0.5,0.5,-1,0.5,0.5,0.5,0.5,-1,0.5,0.5,0,0.5,0.5,-1,0,0.5,0.5,-1,0.5,0.5,-1,0.5,0.5,0.5,0.5,0.5,0.5,0.5,0.5,0.5,-1,-1,-1,0.5,0,0,0.5,0.5,0.5,0.5,-1,0.5,-1,0.5,0.5,-1,-1,0.5,0.5,0.5
Ali obstajajo kakšni poizkusi narediti proračun bolj transparenten / razumljiv občanom?,0,0,0,0,0,0,0,0,0,0,0,0,0,0,0,0,0,0,0,2,0,0,0,0,0,0,0,0,0,0,0,0,0,0,0,0,0,0,0,0,0,0,0,0,0,0,2,0,0,0,2,0,0,0,0,0,0,2,0,0,0,0,0,0,0,0,0,0,0,0,0,0,0,0,2,0,0,0,0,0,0,0,0,0,0,0,0,0,0,0,0,0,0,0,0,0,0,0,0,0,0,0,0,0,0,0,0,0,0,2,0,0,0,0,0,0,0,0,0,0,0,0,0,0,0,0,0,0,0,0,0,0,0,0,0,0,0,0,0,0,0,0,0,0,0,0,0,0,0,0,0,0,0,0,0,0,0,0,0,0,0,0,0,0,0,0,0,0,0,0,0,0,0,0,0,0,0,0,0,0,0,0,0,0,0,0,0,0,0,0,0,0,0,0,0,0,0,0,0,0,0,0,0,0,0,0,0,0,0,0,0,0
"Ali obstaja kak search bo proračunu (recimo, če vpišem v search postavko iz budgeta, jo dobim ven?)",0,0,0,0,0,1,0,0,0,0,0,0,0,0,0,0,0,0,0,0,0,0,0,0,0,0,0,0,0,0,0,0,0,0,0,0,0,0,0,0,0,0,0,0,0,0,0,0,0,0,0,0,0,0,0,0,0,0,0,0,0,0,0,0,0,0,0,0,0,0,0,0,0,0,0,0,0,0,0,0,0,0,0,0,0,0,0,0,0,0,0,0,0,0,0,0,0,0,0,0,0,0,0,0,0,0,0,0,0,0,0,0,0,0,0,0,0,0,0,0,0,0,0,0,0,0,0,0,0,0,0,0,0,0,0,0,0,0,0,0,0,0,0,0,0,0,0,0,0,0,0,0,0,0,0,0,0,0,0,0,0,0,0,0,0,0,0,0,0,0,0,0,0,0,0,0,0,0,0,0,0,0,0,0,0,0,0,0,0,0,0,0,0,0,0,0,0,0,0,0,0,0,0,0,0,0,0,0,0,0,0,0
"Ali obstaja kakšen poizkus, da bi bila poraba javnega denarja prikazana bolj transparentno",0,0,0,0,0,0,0,0,0,0,0,0,0,0,0,0,0,0,0,1,0,0,0,0,0,0,0,0,0,0,0,0,0,0,0,0,0,0,0,0,0,0,0,0,0,0,0,0,0,0,1,0,0,0,0,0,0,0,0,0,0,0,0,0,0,0,0,0,0,0,0,0,0,0,0,0,0,0,0,0,0,0,0,0,0,0,0,0,0,0,0,0,0,0,0,0,2,0,0,0,0,0,0,0,0,0,0,0,0,2,0,0,0,0,0,0,0,0,0,0,0,0,0,0,0,0,0,0,0,0,0,0,0,0,0,0,0,0,0,0,0,0,0,0,0,0,0,0,0,0,0,0,0,0,0,0,0,0,0,0,0,0,0,0,0,0,0,0,0,0,0,0,0,0,0,0,0,0,0,0,0,0,0,0,0,0,0,0,0,0,0,0,0,0,0,0,0,0,0,0,0,0,0,0,0,0,0,0,0,0,0,0
DOSTOPNOST SPLETNEGA MESTA,,,,,,,,,,,,,,,,,,,,,,,,,,,,,,,,,,,,,,,,,,,,,,,,,,,,,,,,,,,,,,,,,,,,,,,,,,,,,,,,,,,,,,,,,,,,,,,,,,,,,,,,,,,,,,,,,,,,,,,,,,,,,,,,,,,,,,,,,,,,,,,,,,,,,,,,,,,,,,,,,,,,,,,,,,,,,,,,,,,,,,,,,,,,,,,,,,,,,,,,,,,,,,,,,,,,
Ali ima občina objavljeno izjavo o dostopnosti spletnega mesta?,-1,0,-1,-1,-1,-1,0,-1,-1,-1,-1,-1,-1,0,-1,-1,-1,-1,0,-1,-1,-1,-1,-1,-1,-1,-1,0,-1,-1,-1,-1,-1,-1,-1,-1,-1,-1,-1,-1,-1,-1,-1,0,-1,-1,-1,-1,-1,-1,0,-1,-1,0,-1,-1,-1,-1,-1,0,-1,-1,0,-1,-1,0,-1,-1,0,-1,-1,0,-1,-1,-1,-1,-1,-1,0,0,-1,-1,0,-1,-1,-1,-1,-1,0,-1,-1,-1,-1,-1,0,-1,0,-1,-1,-1,-1,0,-1,-1,-1,-1,-1,-1,-1,-1,-1,-1,-1,-1,-1,-1,0,0,-1,-1,-1,-1,-1,-1,-1,0,0,-1,0,-1,0,-1,-1,0,-1,0,-1,-1,-1,-1,-1,-1,-1,0,0,0,0,-1,-1,-1,0,-1,-1,-1,-1,-1,-1,0,-1,-1,-1,-1,-1,-1,-1,-1,-1,-1,-1,-1,-1,-1,-1,-1,-1,-1,-1,-1,0,-1,-1,-1,-1,-1,-1,-1,0,-1,0,0,-1,0,-1,-1,0,-1,-1,-1,0,0,0,-1,-1,-1,-1,-1,0,-1,-1,-1,-1,0
"Ali spletna stran uporablja headinge v kodi (H1, H2)?",0,2,2,2,2,2,2,2,2,2,2,2,2,2,2,2,2,2,2,2,2,2,2,2,2,2,2,2,2,2,0,2,2,2,2,2,2,2,2,2,2,2,2,2,2,2,2,2,2,2,2,2,2,2,2,0,0,2,2,2,2,2,2,2,2,2,2,2,2,2,2,2,2,2,2,2,2,2,2,2,2,2,2,2,2,0,2,2,2,2,2,2,2,2,0,2,2,2,2,2,2,2,2,2,2,2,2,2,2,2,2,2,2,2,2,2,2,2,2,2,2,2,2,2,2,2,2,2,2,2,2,2,2,2,2,2,2,2,2,2,2,2,2,2,2,2,2,2,2,2,2,0,2,2,2,2,2,2,2,2,2,2,2,2,2,2,2,2,2,2,2,2,2,2,2,2,2,2,2,2,2,0,0,2,2,2,0,2,2,2,2,2,2,2,2,2,2,2,2,2,2,2,2,0,2,2,2,2,2,2,2,0
Ali imajo slike alt tag v kodi?,0,2,2,2,2,0,2,0,2,2,2,2,0,0,0,2,0,2,2,2,2,2,2,2,2,2,0,0,2,2,0,2,0,2,2,0,2,2,0,0,2,0,2,2,2,2,2,2,2,2,0,0,2,2,0,0,0,2,2,0,2,2,0,2,0,2,0,0,0,0,0,2,0,2,0,2,2,2,2,2,2,2,2,2,2,0,0,2,0,2,2,2,2,2,2,2,2,0,2,2,2,0,2,2,2,2,2,2,0,0,2,2,2,2,0,0,0,2,0,2,2,2,2,2,2,2,2,2,0,2,2,2,2,2,0,2,0,2,2,0,2,2,2,2,0,0,0,2,0,2,2,0,2,2,2,0,2,2,2,2,2,2,2,2,2,0,2,0,2,2,2,2,2,0,2,0,2,2,0,2,2,0,0,0,2,2,0,2,0,2,2,0,2,2,0,2,0,2,2,0,2,0,2,0,2,2,0,2,2,2,0,0
Ali so nekateri teksti v slikah?,2,2,2,2,0,2,2,0,2,2,0,0,2,0,2,2,2,2,2,2,2,2,2,2,0,2,2,2,2,2,2,2,2,2,2,0,2,2,2,2,2,2,2,2,2,2,2,0,2,2,2,0,0,2,2,0,2,2,2,2,2,2,0,2,0,2,2,2,2,2,2,2,2,2,2,2,2,2,2,2,2,2,2,2,2,2,0,2,2,2,2,2,2,2,0,2,0,2,2,2,0,2,0,2,2,2,2,2,2,0,2,2,2,2,2,2,2,2,2,2,2,2,2,2,2,2,2,2,2,2,2,2,2,2,2,2,2,2,2,2,2,2,2,2,2,2,2,2,2,2,2,0,2,0,2,2,2,2,2,2,0,0,2,2,0,2,2,0,2,2,0,2,2,2,2,2,2,2,2,2,2,0,2,0,0,2,0,0,2,2,0,2,2,2,2,0,2,2,2,2,2,2,2,0,2,2,2,2,2,2,2,2
Ali je kontrast med barvo teksta in ozadjem vsaj 4.5:1? ,0,2,2,0,2,0,2,0,0,2,0,2,0,0,2,2,2,0,0,0,0,2,0,0,0,0,0,0,0,2,2,0,2,0,0,0,0,2,2,2,2,2,2,2,0,0,0,0,2,0,2,2,2,2,0,2,2,2,2,2,2,2,0,2,2,0,2,2,2,2,0,0,2,0,2,0,2,0,0,0,0,0,2,2,2,0,0,0,0,0,0,0,0,0,2,0,0,2,0,0,0,2,0,2,2,2,2,2,2,2,0,0,2,0,2,0,0,0,2,2,2,0,0,2,0,2,0,0,2,2,2,0,2,2,0,0,0,2,0,0,0,2,0,0,2,0,2,2,2,0,2,2,2,2,0,0,2,0,0,0,0,2,2,2,0,2,2,0,0,0,2,0,0,2,0,0,0,0,2,0,2,0,0,2,0,2,0,2,2,2,0,0,0,2,0,2,0,2,0,0,2,2,0,0,0,0,0,0,0,0,2,0
Ali je kontrast linkov in gumbov ter ozadjem vsaj 3:1?,0,2,2,2,2,0,2,2,2,2,2,2,0,2,2,2,2,2,0,2,0,2,2,0,2,2,2,2,2,2,2,0,0,0,0,0,0,2,2,0,2,2,2,2,2,2,2,2,2,0,2,2,2,2,0,0,0,2,2,2,2,2,2,2,2,0,2,2,0,0,2,2,0,2,2,0,2,2,2,2,0,2,2,2,2,0,0,2,0,2,0,2,2,2,2,0,0,2,2,0,2,2,2,2,2,2,2,0,2,2,2,2,2,2,0,0,2,2,2,0,0,2,0,2,0,0,2,2,2,2,2,2,2,2,0,0,0,2,0,0,2,2,2,2,2,2,2,0,0,0,2,2,0,2,0,2,2,0,0,0,0,2,2,2,2,0,2,0,2,2,2,2,0,0,2,0,0,2,0,2,2,2,2,2,2,2,2,2,2,2,2,0,2,2,2,2,2,2,0,2,2,0,0,0,2,2,0,0,2,2,2,0
"Ali je spletna stran berljiva, če jo povečamo na 200 %?",0,2,2,2,2,2,2,2,2,2,2,2,0,2,2,2,2,2,2,2,2,2,2,2,0,2,0,2,2,2,0,2,2,2,2,0,2,2,2,0,2,2,2,2,2,2,0,2,2,2,2,2,2,2,2,0,0,2,2,2,2,0,2,2,0,2,0,2,2,2,0,2,2,2,2,2,2,2,2,2,2,2,2,2,2,2,2,0,2,2,2,2,2,2,0,2,2,2,2,2,2,2,2,2,2,2,2,2,2,0,2,2,2,2,2,0,2,2,0,2,2,2,2,2,2,2,2,2,0,2,2,2,2,2,2,2,2,2,2,2,2,2,2,2,2,2,2,2,2,2,2,2,2,2,2,2,2,2,2,2,0,2,2,2,2,2,2,0,2,2,2,2,2,0,2,2,2,2,2,2,2,0,2,0,2,2,2,2,2,2,2,2,2,2,2,0,0,2,2,2,2,0,2,0,2,2,2,2,2,2,2,2
"Ali spletno mesto omogoča navigacijo s tipkovnico? (puščice, presledek, tab, enter, esc) ",0,2,2,2,2,2,2,2,2,2,0,2,0,2,2,2,0,0,2,2,2,0,2,2,0,2,2,2,0,0,0,2,2,2,2,0,2,0,2,2,2,0,2,2,2,2,2,2,2,2,0,0,2,2,0,0,0,0,2,0,0,0,2,2,2,2,0,2,2,0,2,2,2,2,2,2,2,2,0,2,2,2,2,2,2,0,0,0,2,2,2,2,2,2,0,2,2,0,2,2,0,2,2,2,2,2,2,0,2,2,2,2,2,0,0,0,2,2,2,2,2,2,2,0,2,0,2,2,0,2,2,2,2,2,0,2,2,2,2,0,2,2,2,2,2,2,2,2,0,2,2,2,0,2,2,0,0,2,2,0,0,2,0,0,0,0,0,2,2,2,2,2,0,2,2,0,2,2,0,2,2,0,2,0,2,2,0,2,0,2,2,2,2,2,2,2,0,2,2,2,2,2,0,0,2,2,2,0,0,2,0,2
Ali naslov strani opiše vsebino? ,0,1,1,1,1,1,1,1,1,0,1,1,0,1,0,0,1,1,1,1,1,1,1,1,1,1,1,1,1,1,0,1,0,1,1,1,1,1,0,0,1,1,1,1,1,1,1,1,1,1,1,1,1,1,1,0,1,1,1,0,1,0,1,1,1,1,0,1,1,1,0,1,1,1,1,1,1,1,1,1,1,1,1,1,1,1,1,0,1,1,1,1,1,1,0,1,1,1,1,1,1,1,1,1,1,1,1,1,1,1,1,1,1,1,1,1,1,1,1,1,1,1,1,1,1,1,1,1,1,1,1,1,1,1,1,1,1,1,1,1,1,1,1,1,1,1,1,1,1,1,1,0,1,1,1,1,1,1,1,0,1,1,1,1,1,1,1,1,1,1,1,1,1,1,1,1,1,1,1,1,1,0,1,1,1,1,0,1,1,1,1,1,1,1,1,1,1,1,1,1,1,0,1,0,1,1,1,1,1,1,1,1
Ali ima link pomensko jasno ime?,1,1,1,1,1,1,1,0,1,1,1,1,1,1,1,1,1,1,1,0,1,1,1,1,1,1,1,1,1,1,1,1,1,1,1,1,1,1,1,1,1,1,1,1,1,1,1,1,1,1,1,1,1,1,1,1,0,1,1,0,1,0,1,1,1,1,1,1,1,1,0,1,1,0,1,1,1,1,1,1,1,1,1,1,1,1,1,1,1,1,1,1,1,1,1,1,1,1,1,1,1,1,1,1,1,1,1,1,1,1,1,1,1,1,0,1,1,1,1,1,1,1,1,1,1,1,1,1,1,1,1,1,1,1,1,1,1,1,1,1,1,1,1,1,1,1,1,1,1,1,1,1,0,1,1,1,1,1,1,1,1,1,1,1,1,1,1,0,1,1,1,1,1,1,1,1,1,1,1,1,1,1,1,1,1,1,1,1,1,1,1,1,1,1,1,1,1,1,1,1,1,1,1,1,1,1,1,1,1,1,1,1
"Ali ima dokument pomensko jasno ime? (ne dokument 4ADB, ampak Zapisnik 3. seje)",1,1,0,0,0,1,1,0,0,1,1,0,1,1,1,0,1,0,0,1,0,0,0,1,1,1,1,1,0,1,1,0,0,0,0,1,0,0,1,0,1,1,0,0,0,0,0,0,0,0,0,1,0,0,0,0,0,1,0,1,1,0,1,0,1,0,1,0,0,1,0,1,0,0,1,1,0,0,1,0,0,0,0,0,0,0,0,1,0,0,0,0,0,0,0,0,0,1,0,0,0,1,0,0,0,0,0,1,1,1,0,0,0,0,0,1,1,0,1,0,0,0,1,0,0,1,1,0,1,0,0,0,0,0,1,1,1,0,1,1,0,1,0,0,0,0,0,0,1,0,0,0,1,0,0,0,0,0,0,0,1,0,0,0,1,1,0,1,0,0,0,0,0,1,0,1,0,0,1,0,0,1,1,0,0,0,1,0,0,0,0,0,0,1,0,1,1,1,0,1,0,1,0,0,0,0,1,0,0,0,1,1
Ali se spustni meniji odprejo s klikom (in odklikom) oziroma ali spletno mesto nima spustnega menija?,0,0,0,0,0,0,0,0,0,0,1,0,1,0,0,0,1,0,0,1,0,0,0,0,0,0,1,0,0,0,1,0,1,0,0,0,0,0,0,0,0,1,0,0,0,0,0,0,0,0,0,0,0,0,1,0,0,0,0,0,0,1,0,0,0,0,1,0,0,0,0,0,0,0,0,0,0,0,0,0,0,0,1,0,0,0,0,1,0,0,0,0,0,0,0,0,0,1,0,0,0,0,0,0,0,0,0,0,0,0,0,0,0,0,1,0,0,0,1,0,0,0,1,0,0,0,0,0,0,0,0,0,0,0,0,0,1,0,0,1,0,0,0,0,1,0,0,0,0,0,1,1,0,0,0,0,0,0,0,1,1,0,0,0,0,0,0,1,0,0,0,0,0,1,0,0,0,0,0,0,0,0,1,0,0,0,0,0,0,1,0,1,0,1,0,1,0,0,0,0,0,1,0,0,1,0,0,0,0,0,0,1
Ali je vabilo/informacija o seji občinskega ali mestnega sveta objavljena tudi offline? Kje?,0.25,NAPAKA,NAPAKA,NAPAKA,NAPAKA,NAPAKA,NAPAKA,NAPAKA,NAPAKA,NAPAKA,NAPAKA,NAPAKA,NAPAKA,NAPAKA,NAPAKA,NAPAKA,0.25,0.25,NAPAKA,NAPAKA,0.25,NAPAKA,NAPAKA,NAPAKA,NAPAKA,NAPAKA,NAPAKA,NAPAKA,NAPAKA,NAPAKA,NAPAKA,NAPAKA,NAPAKA,NAPAKA,NAPAKA,NAPAKA,NAPAKA,NAPAKA,NAPAKA,NAPAKA,NAPAKA,NAPAKA,NAPAKA,NAPAKA,NAPAKA,NAPAKA,NAPAKA,NAPAKA,NAPAKA,NAPAKA,0.25,NAPAKA,NAPAKA,NAPAKA,NAPAKA,NAPAKA,NAPAKA,NAPAKA,NAPAKA,NAPAKA,0.25,NAPAKA,NAPAKA,NAPAKA,NAPAKA,0.25,NAPAKA,NAPAKA,0.25,NAPAKA,NAPAKA,NAPAKA,0.25,NAPAKA,NAPAKA,0.5,NAPAKA,NAPAKA,NAPAKA,NAPAKA,NAPAKA,NAPAKA,1,0.25,NAPAKA,NAPAKA,NAPAKA,NAPAKA,NAPAKA,NAPAKA,NAPAKA,NAPAKA,NAPAKA,NAPAKA,NAPAKA,NAPAKA,0.25,NAPAKA,NAPAKA,NAPAKA,NAPAKA,NAPAKA,NAPAKA,NAPAKA,NAPAKA,NAPAKA,NAPAKA,NAPAKA,NAPAKA,NAPAKA,NAPAKA,NAPAKA,NAPAKA,NAPAKA,0.5,NAPAKA,NAPAKA,NAPAKA,NAPAKA,NAPAKA,NAPAKA,NAPAKA,NAPAKA,NAPAKA,NAPAKA,0.25,NAPAKA,NAPAKA,0.25,NAPAKA,NAPAKA,0.25,NAPAKA,NAPAKA,NAPAKA,NAPAKA,NAPAKA,NAPAKA,NAPAKA,NAPAKA,NAPAKA,NAPAKA,NAPAKA,NAPAKA,NAPAKA,NAPAKA,NAPAKA,NAPAKA,NAPAKA,NAPAKA,0.25,NAPAKA,NAPAKA,NAPAKA,NAPAKA,NAPAKA,NAPAKA,NAPAKA,NAPAKA,NAPAKA,NAPAKA,NAPAKA,NAPAKA,NAPAKA,0.25,NAPAKA,0.25,NAPAKA,NAPAKA,NAPAKA,NAPAKA,NAPAKA,NAPAKA,NAPAKA,NAPAKA,NAPAKA,NAPAKA,NAPAKA,NAPAKA,NAPAKA,NAPAKA,NAPAKA,NAPAKA,NAPAKA,NAPAKA,NAPAKA,NAPAKA,NAPAKA,NAPAKA,NAPAKA,NAPAKA,NAPAKA,NAPAKA,NAPAKA,NAPAKA,NAPAKA,NAPAKA,NAPAKA,NAPAKA,NAPAKA,NAPAKA,NAPAKA,NAPAKA,NAPAKA,NAPAKA,NAPAKA,NAPAKA,NAPAKA,NAPAKA,NAPAKA,0.25,NAPAKA
"Ali je oglasna deska dostopna motorično oviranim osebam? (To pomeni, da je dostopna brez stopnic ali z dvigalom, ki je primerno za motorično ovirane osebe)",1,1,1,NAPAKA,NAPAKA,1,NAPAKA,NAPAKA,1,NAPAKA,NAPAKA,NAPAKA,NAPAKA,NAPAKA,0,NAPAKA,1,1,NAPAKA,1,0,NAPAKA,NAPAKA,NAPAKA,0,NAPAKA,NAPAKA,NAPAKA,NAPAKA,NAPAKA,NAPAKA,NAPAKA,NAPAKA,1,NAPAKA,NAPAKA,NAPAKA,NAPAKA,NAPAKA,NAPAKA,NAPAKA,NAPAKA,NAPAKA,NAPAKA,NAPAKA,NAPAKA,NAPAKA,NAPAKA,NAPAKA,NAPAKA,1,1,NAPAKA,NAPAKA,NAPAKA,NAPAKA,NAPAKA,NAPAKA,NAPAKA,NAPAKA,1,1,NAPAKA,1,NAPAKA,1,NAPAKA,NAPAKA,1,NAPAKA,NAPAKA,NAPAKA,0,NAPAKA,NAPAKA,1,NAPAKA,NAPAKA,NAPAKA,1,NAPAKA,NAPAKA,1,1,NAPAKA,NAPAKA,NAPAKA,NAPAKA,0,NAPAKA,NAPAKA,0,NAPAKA,NAPAKA,1,NAPAKA,1,NAPAKA,NAPAKA,NAPAKA,1,NAPAKA,NAPAKA,NAPAKA,NAPAKA,NAPAKA,NAPAKA,NAPAKA,NAPAKA,1,NAPAKA,NAPAKA,1,NAPAKA,1,NAPAKA,NAPAKA,NAPAKA,0,NAPAKA,1,NAPAKA,NAPAKA,NAPAKA,NAPAKA,1,NAPAKA,1,1,NAPAKA,NAPAKA,0,NAPAKA,NAPAKA,NAPAKA,1,NAPAKA,NAPAKA,NAPAKA,1,NAPAKA,NAPAKA,0,NAPAKA,NAPAKA,NAPAKA,NAPAKA,NAPAKA,NAPAKA,NAPAKA,1,NAPAKA,NAPAKA,NAPAKA,NAPAKA,NAPAKA,NAPAKA,0,1,NAPAKA,NAPAKA,NAPAKA,NAPAKA,NAPAKA,1,NAPAKA,1,NAPAKA,NAPAKA,NAPAKA,1,NAPAKA,NAPAKA,1,1,NAPAKA,NAPAKA,NAPAKA,NAPAKA,NAPAKA,NAPAKA,NAPAKA,NAPAKA,NAPAKA,NAPAKA,NAPAKA,NAPAKA,NAPAKA,NAPAKA,NAPAKA,NAPAKA,NAPAKA,NAPAKA,NAPAKA,NAPAKA,NAPAKA,NAPAKA,NAPAKA,NAPAKA,NAPAKA,NAPAKA,NAPAKA,NAPAKA,NAPAKA,NAPAKA,NAPAKA,NAPAKA,NAPAKA,NAPAKA,NAPAKA,1,NAPAKA
VKLJUČENOST IN OBVEŠČANJE,,,,,,,,,,,,,,,,,,,,,,,,,,,,,,,,,,,,,,,,,,,,,,,,,,,,,,,,,,,,,,,,,,,,,,,,,,,,,,,,,,,,,,,,,,,,,,,,,,,,,,,,,,,,,,,,,,,,,,,,,,,,,,,,,,,,,,,,,,,,,,,,,,,,,,,,,,,,,,,,,,,,,,,,,,,,,,,,,,,,,,,,,,,,,,,,,,,,,,,,,,,,,,,,,,,,
VKLJUČENOST,,,,,,,,,,,,,,,,,,,,,,,,,,,,,,,,,,,,,,,,,,,,,,,,,,,,,,,,,,,,,,,,,,,,,,,,,,,,,,,,,,,,,,,,,,,,,,,,,,,,,,,,,,,,,,,,,,,,,,,,,,,,,,,,,,,,,,,,,,,,,,,,,,,,,,,,,,,,,,,,,,,,,,,,,,,,,,,,,,,,,,,,,,,,,,,,,,,,,,,,,,,,,,,,,,,,
Ali občina izvaja participativni proračun?,3,0,0,0,0,0,0,0,3,0,0,0,0,0,3,0,0,0,0,0,0,0,0,0,0,0,0,0,0,0,0,0,3,0,0,0,3,0,0,0,0,0,0,0,0,0,0,0,0,0,0,3,0,0,0,0,0,0,0,0,0,0,0,0,0,0,3,0,3,0,0,0,0,0,0,3,0,0,0,0,0,0,0,0,0,0,0,0,0,0,0,0,0,0,0,0,0,0,0,0,0,0,0,0,0,0,0,0,0,0,0,0,0,0,0,0,0,0,0,0,0,0,0,0,0,0,0,3,0,0,0,0,0,0,0,0,0,0,0,0,0,0,0,0,0,0,0,0,0,0,0,0,0,0,3,0,0,0,0,0,0,0,0,0,0,0,0,0,0,3,0,0,0,0,0,0,0,0,0,0,0,0,0,0,0,0,0,0,0,0,0,0,0,0,0,0,0,0,0,0,0,0,0,0,0,0,0,0,0,0,0,0
Ali ga izvaja na spletu?,1,0,0,0,0,0,0,0,1,0,0,0,0,0,0,0,0,0,0,0,0,0,0,0,0,0,0,0,0,0,0,0,0,0,0,0,0,0,0,0,0,0,0,0,0,0,0,0,0,0,0,1,0,0,0,0,0,0,0,0,0,0,0,0,0,0,0,0,1,0,0,0,0,0,0,1,0,0,0,0,0,0,0,0,0,0,0,0,0,0,0,0,0,0,0,0,0,0,0,0,0,0,0,0,0,0,0,0,0,0,0,0,0,0,0,0,0,0,0,0,0,0,0,0,0,0,0,1,0,0,0,0,0,0,0,0,0,0,0,0,0,0,0,0,0,0,0,0,0,0,0,0,0,0,1,0,0,0,0,0,0,0,0,0,0,0,0,0,0,0,0,0,0,0,0,0,0,0,0,0,0,0,0,0,0,0,0,0,0,0,0,0,0,0,0,0,0,0,0,0,0,0,0,0,0,0,0,0,0,0,0,0
Ali ga izvaja v fizični obliki?,1,0,0,0,0,0,0,0,1,0,0,0,0,0,1,0,0,0,0,0,0,0,0,0,0,0,0,0,0,0,0,0,1,0,0,0,1,0,0,0,0,0,0,0,0,0,0,0,0,0,0,1,0,0,0,0,0,0,0,0,0,0,0,0,0,0,1,0,1,0,0,0,0,0,0,1,0,0,0,0,0,0,0,0,0,0,0,0,0,0,0,0,0,0,0,0,0,0,0,0,0,0,0,0,0,0,0,0,0,0,0,0,0,0,0,0,0,0,0,0,0,0,0,0,0,0,0,1,0,0,0,0,0,0,0,0,0,0,0,0,0,0,0,0,0,0,0,0,0,0,0,0,0,0,1,0,0,0,0,0,0,0,0,0,0,0,0,0,0,1,0,0,0,0,0,0,0,0,0,0,0,0,0,0,0,0,0,0,0,0,0,0,0,0,0,0,0,0,0,0,0,0,0,0,0,0,0,0,0,0,0,0
Kdaj so občani obveščeni o posvetovanjih? (prva ali druga opcija sta kumulativni),0.5,0.5,0.5,NAPAKA,NAPAKA,0.5,NAPAKA,NAPAKA,0,NAPAKA,NAPAKA,NAPAKA,NAPAKA,NAPAKA,0.5,NAPAKA,-1,0.5,NAPAKA,0.5,0.5,NAPAKA,NAPAKA,NAPAKA,0.5,NAPAKA,NAPAKA,NAPAKA,NAPAKA,NAPAKA,NAPAKA,NAPAKA,NAPAKA,0.5,NAPAKA,NAPAKA,NAPAKA,NAPAKA,NAPAKA,NAPAKA,NAPAKA,NAPAKA,NAPAKA,NAPAKA,NAPAKA,NAPAKA,NAPAKA,NAPAKA,NAPAKA,NAPAKA,0.5,0,NAPAKA,NAPAKA,NAPAKA,NAPAKA,NAPAKA,NAPAKA,NAPAKA,NAPAKA,0.5,0,NAPAKA,0,NAPAKA,0.5,NAPAKA,NAPAKA,0.5,NAPAKA,NAPAKA,NAPAKA,0.5,NAPAKA,NAPAKA,0,NAPAKA,NAPAKA,NAPAKA,1,NAPAKA,NAPAKA,1,0,NAPAKA,NAPAKA,NAPAKA,NAPAKA,0.5,NAPAKA,NAPAKA,0.5,NAPAKA,NAPAKA,0.5,NAPAKA,0.5,NAPAKA,NAPAKA,NAPAKA,NAPAKA,NAPAKA,NAPAKA,NAPAKA,NAPAKA,NAPAKA,NAPAKA,NAPAKA,NAPAKA,0.5,NAPAKA,NAPAKA,NAPAKA,NAPAKA,0.5,NAPAKA,NAPAKA,NAPAKA,0.5,NAPAKA,0.5,NAPAKA,NAPAKA,NAPAKA,NAPAKA,0.5,NAPAKA,0.5,1,NAPAKA,NAPAKA,0.5,NAPAKA,NAPAKA,NAPAKA,0.5,NAPAKA,NAPAKA,NAPAKA,0,NAPAKA,NAPAKA,0,NAPAKA,NAPAKA,NAPAKA,NAPAKA,NAPAKA,NAPAKA,NAPAKA,0.5,NAPAKA,NAPAKA,NAPAKA,NAPAKA,NAPAKA,NAPAKA,0.5,0.5,NAPAKA,NAPAKA,NAPAKA,NAPAKA,NAPAKA,0,NAPAKA,0.5,NAPAKA,NAPAKA,NAPAKA,0.5,NAPAKA,NAPAKA,0.5,0,NAPAKA,NAPAKA,NAPAKA,NAPAKA,NAPAKA,NAPAKA,NAPAKA,NAPAKA,NAPAKA,NAPAKA,NAPAKA,NAPAKA,NAPAKA,NAPAKA,NAPAKA,NAPAKA,NAPAKA,NAPAKA,NAPAKA,NAPAKA,NAPAKA,NAPAKA,NAPAKA,NAPAKA,NAPAKA,NAPAKA,NAPAKA,NAPAKA,NAPAKA,NAPAKA,NAPAKA,NAPAKA,NAPAKA,NAPAKA,NAPAKA,0.5,NAPAKA
Kje so občani obveščeni o posvetovanjih?,0.8,0.8,0.6,NAPAKA,NAPAKA,0.6,NAPAKA,NAPAKA,0.4,NAPAKA,NAPAKA,NAPAKA,NAPAKA,NAPAKA,0.6,NAPAKA,NAPAKA,0.6,NAPAKA,0.4,0.4,NAPAKA,NAPAKA,NAPAKA,0.6,NAPAKA,NAPAKA,NAPAKA,NAPAKA,NAPAKA,NAPAKA,NAPAKA,NAPAKA,0.4,NAPAKA,NAPAKA,NAPAKA,NAPAKA,NAPAKA,NAPAKA,NAPAKA,NAPAKA,NAPAKA,NAPAKA,NAPAKA,NAPAKA,NAPAKA,NAPAKA,NAPAKA,NAPAKA,0.6,0.4,NAPAKA,NAPAKA,NAPAKA,NAPAKA,NAPAKA,NAPAKA,NAPAKA,NAPAKA,0.6,0.4,NAPAKA,0.8,NAPAKA,0.6,NAPAKA,NAPAKA,0.6,NAPAKA,NAPAKA,NAPAKA,0.4,NAPAKA,NAPAKA,0.2,NAPAKA,NAPAKA,NAPAKA,0.8,NAPAKA,NAPAKA,0.8,0.6,NAPAKA,NAPAKA,NAPAKA,NAPAKA,0.6,NAPAKA,NAPAKA,0.6,NAPAKA,NAPAKA,0.6,NAPAKA,0.8,NAPAKA,NAPAKA,NAPAKA,NAPAKA,NAPAKA,NAPAKA,NAPAKA,NAPAKA,NAPAKA,NAPAKA,NAPAKA,NAPAKA,0.6,NAPAKA,NAPAKA,0.6,NAPAKA,0.8,NAPAKA,NAPAKA,NAPAKA,0.2,NAPAKA,0.8,NAPAKA,NAPAKA,NAPAKA,NAPAKA,0.6,NAPAKA,0.2,0.6,NAPAKA,NAPAKA,0.8,NAPAKA,NAPAKA,NAPAKA,0.4,NAPAKA,NAPAKA,NAPAKA,0.8,NAPAKA,NAPAKA,0.2,NAPAKA,NAPAKA,NAPAKA,NAPAKA,NAPAKA,NAPAKA,NAPAKA,0.8,NAPAKA,NAPAKA,NAPAKA,NAPAKA,NAPAKA,NAPAKA,0.4,0.4,NAPAKA,NAPAKA,NAPAKA,NAPAKA,NAPAKA,0.4,NAPAKA,0.8,NAPAKA,NAPAKA,NAPAKA,0.2,NAPAKA,NAPAKA,0.6,0.4,NAPAKA,NAPAKA,NAPAKA,NAPAKA,NAPAKA,NAPAKA,NAPAKA,NAPAKA,NAPAKA,NAPAKA,NAPAKA,NAPAKA,NAPAKA,NAPAKA,NAPAKA,NAPAKA,NAPAKA,NAPAKA,NAPAKA,NAPAKA,NAPAKA,NAPAKA,NAPAKA,NAPAKA,NAPAKA,NAPAKA,NAPAKA,NAPAKA,NAPAKA,NAPAKA,NAPAKA,NAPAKA,NAPAKA,NAPAKA,NAPAKA,0.4,NAPAKA
Kakšne vrste posvetovanj izvaja občina?,1,1,0.5,NAPAKA,NAPAKA,0.5,NAPAKA,NAPAKA,0,NAPAKA,NAPAKA,NAPAKA,NAPAKA,NAPAKA,0.5,NAPAKA,0,0.5,NAPAKA,0.5,0,NAPAKA,NAPAKA,NAPAKA,0.5,NAPAKA,NAPAKA,NAPAKA,NAPAKA,NAPAKA,NAPAKA,NAPAKA,NAPAKA,0.5,NAPAKA,NAPAKA,NAPAKA,NAPAKA,NAPAKA,NAPAKA,NAPAKA,NAPAKA,NAPAKA,NAPAKA,NAPAKA,NAPAKA,NAPAKA,NAPAKA,NAPAKA,NAPAKA,0.5,0.5,NAPAKA,NAPAKA,NAPAKA,NAPAKA,NAPAKA,NAPAKA,NAPAKA,NAPAKA,0,0.5,NAPAKA,0,NAPAKA,1,NAPAKA,NAPAKA,0.5,NAPAKA,NAPAKA,NAPAKA,0.5,NAPAKA,NAPAKA,1,NAPAKA,NAPAKA,NAPAKA,1,NAPAKA,NAPAKA,1,1,NAPAKA,NAPAKA,NAPAKA,NAPAKA,1,NAPAKA,NAPAKA,0,NAPAKA,NAPAKA,0.5,NAPAKA,1,NAPAKA,NAPAKA,NAPAKA,NAPAKA,NAPAKA,NAPAKA,NAPAKA,NAPAKA,NAPAKA,NAPAKA,NAPAKA,NAPAKA,1,NAPAKA,NAPAKA,NAPAKA,NAPAKA,1,NAPAKA,NAPAKA,NAPAKA,0,NAPAKA,0.5,NAPAKA,NAPAKA,NAPAKA,NAPAKA,1,NAPAKA,0,0.5,NAPAKA,NAPAKA,0.5,NAPAKA,NAPAKA,NAPAKA,0.5,NAPAKA,NAPAKA,NAPAKA,0.5,NAPAKA,NAPAKA,0.5,NAPAKA,NAPAKA,NAPAKA,NAPAKA,NAPAKA,NAPAKA,NAPAKA,0.5,NAPAKA,NAPAKA,NAPAKA,NAPAKA,NAPAKA,NAPAKA,0,0,NAPAKA,NAPAKA,NAPAKA,NAPAKA,NAPAKA,0.5,NAPAKA,1,NAPAKA,NAPAKA,NAPAKA,0,NAPAKA,NAPAKA,0.5,0.5,NAPAKA,NAPAKA,NAPAKA,NAPAKA,NAPAKA,NAPAKA,NAPAKA,NAPAKA,NAPAKA,NAPAKA,NAPAKA,NAPAKA,NAPAKA,NAPAKA,NAPAKA,NAPAKA,NAPAKA,NAPAKA,NAPAKA,NAPAKA,NAPAKA,NAPAKA,NAPAKA,NAPAKA,NAPAKA,NAPAKA,NAPAKA,NAPAKA,NAPAKA,NAPAKA,NAPAKA,NAPAKA,NAPAKA,NAPAKA,NAPAKA,0.5,NAPAKA
Ali je v lanskem letu občina uporabila katero od posvetovalnih metod pred pripravo odloka?,0.8,0.6,0.2,NAPAKA,NAPAKA,NAPAKA,NAPAKA,NAPAKA,0.2,NAPAKA,NAPAKA,NAPAKA,NAPAKA,NAPAKA,0.6,NAPAKA,NAPAKA,0.2,NAPAKA,0.8,0.2,NAPAKA,NAPAKA,NAPAKA,0.8,NAPAKA,NAPAKA,NAPAKA,NAPAKA,NAPAKA,NAPAKA,NAPAKA,NAPAKA,0.4,NAPAKA,NAPAKA,NAPAKA,NAPAKA,NAPAKA,NAPAKA,NAPAKA,NAPAKA,NAPAKA,NAPAKA,NAPAKA,NAPAKA,NAPAKA,NAPAKA,NAPAKA,NAPAKA,0.6,0.2,NAPAKA,NAPAKA,NAPAKA,NAPAKA,NAPAKA,NAPAKA,NAPAKA,NAPAKA,0.4,0.4,NAPAKA,0.2,NAPAKA,0.6,NAPAKA,NAPAKA,0.2,NAPAKA,NAPAKA,NAPAKA,0.4,NAPAKA,NAPAKA,0.4,NAPAKA,NAPAKA,NAPAKA,0.4,NAPAKA,NAPAKA,0.4,0.4,NAPAKA,NAPAKA,NAPAKA,NAPAKA,0.4,NAPAKA,NAPAKA,0.2,NAPAKA,NAPAKA,0.6,NAPAKA,0.4,NAPAKA,NAPAKA,NAPAKA,0.2,NAPAKA,NAPAKA,NAPAKA,NAPAKA,NAPAKA,NAPAKA,NAPAKA,NAPAKA,0.6,NAPAKA,NAPAKA,NAPAKA,NAPAKA,0.6,NAPAKA,NAPAKA,NAPAKA,NAPAKA,NAPAKA,0.4,NAPAKA,NAPAKA,NAPAKA,NAPAKA,0.6,NAPAKA,0.4,0.6,NAPAKA,NAPAKA,0.6,NAPAKA,NAPAKA,NAPAKA,0.2,NAPAKA,NAPAKA,NAPAKA,0.2,NAPAKA,NAPAKA,0.6,NAPAKA,NAPAKA,NAPAKA,NAPAKA,NAPAKA,NAPAKA,NAPAKA,0.4,NAPAKA,NAPAKA,NAPAKA,NAPAKA,NAPAKA,NAPAKA,0.2,NAPAKA,NAPAKA,NAPAKA,NAPAKA,NAPAKA,NAPAKA,NAPAKA,NAPAKA,0.4,NAPAKA,NAPAKA,NAPAKA,0.2,NAPAKA,NAPAKA,0.4,0.6,NAPAKA,NAPAKA,NAPAKA,NAPAKA,NAPAKA,NAPAKA,NAPAKA,NAPAKA,NAPAKA,NAPAKA,NAPAKA,NAPAKA,NAPAKA,NAPAKA,NAPAKA,NAPAKA,NAPAKA,NAPAKA,NAPAKA,NAPAKA,NAPAKA,NAPAKA,NAPAKA,NAPAKA,NAPAKA,NAPAKA,NAPAKA,NAPAKA,NAPAKA,NAPAKA,NAPAKA,NAPAKA,NAPAKA,NAPAKA,NAPAKA,0.4,NAPAKA
Ali občina objavi vse prejete predloge in komentarje na spletu?,0,0,0,NAPAKA,NAPAKA,0,NAPAKA,NAPAKA,0,NAPAKA,NAPAKA,NAPAKA,NAPAKA,NAPAKA,0,NAPAKA,0,0,NAPAKA,0,0,NAPAKA,NAPAKA,NAPAKA,0,NAPAKA,NAPAKA,NAPAKA,NAPAKA,NAPAKA,NAPAKA,NAPAKA,NAPAKA,0,NAPAKA,NAPAKA,NAPAKA,NAPAKA,NAPAKA,NAPAKA,NAPAKA,NAPAKA,NAPAKA,NAPAKA,NAPAKA,NAPAKA,NAPAKA,NAPAKA,NAPAKA,NAPAKA,0,1,NAPAKA,NAPAKA,NAPAKA,NAPAKA,NAPAKA,NAPAKA,NAPAKA,NAPAKA,0,0,NAPAKA,0,NAPAKA,0,NAPAKA,NAPAKA,0,NAPAKA,NAPAKA,NAPAKA,0,NAPAKA,NAPAKA,0,NAPAKA,NAPAKA,NAPAKA,0,NAPAKA,NAPAKA,0,0,NAPAKA,NAPAKA,NAPAKA,NAPAKA,0,NAPAKA,NAPAKA,1,NAPAKA,NAPAKA,0,NAPAKA,0,NAPAKA,NAPAKA,NAPAKA,0,NAPAKA,NAPAKA,NAPAKA,NAPAKA,NAPAKA,NAPAKA,NAPAKA,NAPAKA,1,NAPAKA,NAPAKA,NAPAKA,NAPAKA,1,NAPAKA,NAPAKA,NAPAKA,0,NAPAKA,0,NAPAKA,NAPAKA,NAPAKA,NAPAKA,0,NAPAKA,0,0,NAPAKA,NAPAKA,1,NAPAKA,NAPAKA,NAPAKA,0,NAPAKA,NAPAKA,NAPAKA,0,NAPAKA,NAPAKA,0,NAPAKA,NAPAKA,NAPAKA,NAPAKA,NAPAKA,NAPAKA,NAPAKA,0,NAPAKA,NAPAKA,NAPAKA,NAPAKA,NAPAKA,NAPAKA,0,0,NAPAKA,NAPAKA,NAPAKA,NAPAKA,NAPAKA,0,NAPAKA,0,NAPAKA,NAPAKA,NAPAKA,0,NAPAKA,NAPAKA,1,0,NAPAKA,NAPAKA,NAPAKA,NAPAKA,NAPAKA,NAPAKA,NAPAKA,NAPAKA,NAPAKA,NAPAKA,NAPAKA,NAPAKA,NAPAKA,NAPAKA,NAPAKA,NAPAKA,NAPAKA,NAPAKA,NAPAKA,NAPAKA,NAPAKA,NAPAKA,NAPAKA,NAPAKA,NAPAKA,NAPAKA,NAPAKA,NAPAKA,NAPAKA,NAPAKA,NAPAKA,NAPAKA,NAPAKA,NAPAKA,NAPAKA,0,NAPAKA
Ali občina objavi rezultate posvetovanja na spletu?,0,0,0,NAPAKA,NAPAKA,0,NAPAKA,NAPAKA,0,NAPAKA,NAPAKA,NAPAKA,NAPAKA,NAPAKA,0,NAPAKA,0,0,NAPAKA,0,0,NAPAKA,NAPAKA,NAPAKA,0,NAPAKA,NAPAKA,NAPAKA,NAPAKA,NAPAKA,NAPAKA,NAPAKA,NAPAKA,0,NAPAKA,NAPAKA,NAPAKA,NAPAKA,NAPAKA,NAPAKA,NAPAKA,NAPAKA,NAPAKA,NAPAKA,NAPAKA,NAPAKA,NAPAKA,NAPAKA,NAPAKA,NAPAKA,0,0,NAPAKA,NAPAKA,NAPAKA,NAPAKA,NAPAKA,NAPAKA,NAPAKA,NAPAKA,0,1,NAPAKA,0,NAPAKA,0,NAPAKA,NAPAKA,0,NAPAKA,NAPAKA,NAPAKA,0,NAPAKA,NAPAKA,0,NAPAKA,NAPAKA,NAPAKA,1,NAPAKA,NAPAKA,0,0,NAPAKA,NAPAKA,NAPAKA,NAPAKA,0,NAPAKA,NAPAKA,0,NAPAKA,NAPAKA,0,NAPAKA,0,NAPAKA,NAPAKA,NAPAKA,0,NAPAKA,NAPAKA,NAPAKA,NAPAKA,NAPAKA,NAPAKA,NAPAKA,NAPAKA,0,NAPAKA,NAPAKA,NAPAKA,NAPAKA,1,NAPAKA,NAPAKA,NAPAKA,0,NAPAKA,0,NAPAKA,NAPAKA,NAPAKA,NAPAKA,0,NAPAKA,1,1,NAPAKA,NAPAKA,1,NAPAKA,NAPAKA,NAPAKA,0,NAPAKA,NAPAKA,NAPAKA,0,NAPAKA,NAPAKA,0,NAPAKA,NAPAKA,NAPAKA,NAPAKA,NAPAKA,NAPAKA,NAPAKA,1,NAPAKA,NAPAKA,NAPAKA,NAPAKA,NAPAKA,NAPAKA,0,0,NAPAKA,NAPAKA,NAPAKA,NAPAKA,NAPAKA,0,NAPAKA,0,NAPAKA,NAPAKA,NAPAKA,0,NAPAKA,NAPAKA,1,0,NAPAKA,NAPAKA,NAPAKA,NAPAKA,NAPAKA,NAPAKA,NAPAKA,NAPAKA,NAPAKA,NAPAKA,NAPAKA,NAPAKA,NAPAKA,NAPAKA,NAPAKA,NAPAKA,NAPAKA,NAPAKA,NAPAKA,NAPAKA,NAPAKA,NAPAKA,NAPAKA,NAPAKA,NAPAKA,NAPAKA,NAPAKA,NAPAKA,NAPAKA,NAPAKA,NAPAKA,NAPAKA,NAPAKA,NAPAKA,NAPAKA,0,NAPAKA
"Ali ima občina odprt spletni kanal za oddajo predlogov občanov (spletni obrazec, forum, aplikacija)?",1,1,1,NAPAKA,NAPAKA,0,NAPAKA,NAPAKA,1,NAPAKA,NAPAKA,NAPAKA,NAPAKA,NAPAKA,1,NAPAKA,0,1,NAPAKA,1,1,NAPAKA,NAPAKA,NAPAKA,0,NAPAKA,NAPAKA,NAPAKA,NAPAKA,NAPAKA,NAPAKA,NAPAKA,NAPAKA,1,NAPAKA,NAPAKA,NAPAKA,NAPAKA,NAPAKA,NAPAKA,NAPAKA,NAPAKA,NAPAKA,NAPAKA,NAPAKA,NAPAKA,NAPAKA,NAPAKA,NAPAKA,NAPAKA,1,1,NAPAKA,NAPAKA,NAPAKA,NAPAKA,NAPAKA,NAPAKA,NAPAKA,NAPAKA,1,1,NAPAKA,1,NAPAKA,1,NAPAKA,NAPAKA,0,NAPAKA,NAPAKA,NAPAKA,1,NAPAKA,NAPAKA,1,NAPAKA,NAPAKA,NAPAKA,0,1,NAPAKA,1,1,NAPAKA,NAPAKA,NAPAKA,NAPAKA,1,NAPAKA,NAPAKA,1,NAPAKA,NAPAKA,1,NAPAKA,1,NAPAKA,NAPAKA,NAPAKA,1,NAPAKA,NAPAKA,NAPAKA,NAPAKA,NAPAKA,NAPAKA,NAPAKA,NAPAKA,0,NAPAKA,NAPAKA,1,NAPAKA,1,NAPAKA,NAPAKA,NAPAKA,0,NAPAKA,1,NAPAKA,NAPAKA,NAPAKA,NAPAKA,0,NAPAKA,1,0,NAPAKA,NAPAKA,1,NAPAKA,NAPAKA,NAPAKA,0,NAPAKA,NAPAKA,NAPAKA,0,NAPAKA,NAPAKA,1,NAPAKA,NAPAKA,NAPAKA,NAPAKA,NAPAKA,NAPAKA,NAPAKA,1,NAPAKA,NAPAKA,NAPAKA,NAPAKA,NAPAKA,NAPAKA,1,1,NAPAKA,NAPAKA,NAPAKA,NAPAKA,NAPAKA,0,NAPAKA,1,NAPAKA,NAPAKA,NAPAKA,1,NAPAKA,NAPAKA,0,1,NAPAKA,NAPAKA,NAPAKA,NAPAKA,NAPAKA,NAPAKA,NAPAKA,NAPAKA,NAPAKA,NAPAKA,NAPAKA,NAPAKA,NAPAKA,NAPAKA,NAPAKA,NAPAKA,NAPAKA,NAPAKA,NAPAKA,NAPAKA,NAPAKA,NAPAKA,NAPAKA,NAPAKA,NAPAKA,NAPAKA,NAPAKA,NAPAKA,NAPAKA,NAPAKA,NAPAKA,NAPAKA,NAPAKA,NAPAKA,NAPAKA,1,NAPAKA
Ali je predloge možno oddati fizično?,1,1,1,NAPAKA,NAPAKA,1,NAPAKA,NAPAKA,1,NAPAKA,NAPAKA,NAPAKA,NAPAKA,NAPAKA,1,NAPAKA,1,1,NAPAKA,1,1,NAPAKA,NAPAKA,NAPAKA,1,NAPAKA,NAPAKA,NAPAKA,NAPAKA,NAPAKA,NAPAKA,NAPAKA,NAPAKA,1,NAPAKA,NAPAKA,NAPAKA,NAPAKA,NAPAKA,NAPAKA,NAPAKA,NAPAKA,NAPAKA,NAPAKA,NAPAKA,NAPAKA,NAPAKA,NAPAKA,NAPAKA,NAPAKA,1,1,NAPAKA,NAPAKA,NAPAKA,NAPAKA,NAPAKA,NAPAKA,NAPAKA,NAPAKA,1,1,NAPAKA,1,NAPAKA,1,NAPAKA,NAPAKA,1,NAPAKA,NAPAKA,NAPAKA,1,NAPAKA,NAPAKA,1,NAPAKA,NAPAKA,NAPAKA,1,1,NAPAKA,1,1,NAPAKA,NAPAKA,NAPAKA,NAPAKA,1,NAPAKA,NAPAKA,1,NAPAKA,NAPAKA,1,NAPAKA,1,NAPAKA,NAPAKA,NAPAKA,1,NAPAKA,NAPAKA,NAPAKA,NAPAKA,NAPAKA,NAPAKA,NAPAKA,NAPAKA,1,NAPAKA,NAPAKA,1,NAPAKA,1,NAPAKA,NAPAKA,NAPAKA,1,NAPAKA,1,NAPAKA,NAPAKA,NAPAKA,NAPAKA,1,NAPAKA,1,1,NAPAKA,NAPAKA,1,NAPAKA,NAPAKA,NAPAKA,1,NAPAKA,NAPAKA,NAPAKA,1,NAPAKA,NAPAKA,1,NAPAKA,NAPAKA,NAPAKA,NAPAKA,NAPAKA,NAPAKA,NAPAKA,1,NAPAKA,NAPAKA,NAPAKA,NAPAKA,NAPAKA,NAPAKA,1,1,NAPAKA,NAPAKA,NAPAKA,NAPAKA,NAPAKA,1,NAPAKA,1,NAPAKA,NAPAKA,NAPAKA,1,NAPAKA,NAPAKA,1,1,NAPAKA,NAPAKA,NAPAKA,NAPAKA,NAPAKA,NAPAKA,NAPAKA,NAPAKA,NAPAKA,NAPAKA,NAPAKA,NAPAKA,NAPAKA,NAPAKA,NAPAKA,NAPAKA,NAPAKA,NAPAKA,NAPAKA,NAPAKA,NAPAKA,NAPAKA,NAPAKA,NAPAKA,NAPAKA,NAPAKA,NAPAKA,NAPAKA,NAPAKA,NAPAKA,NAPAKA,NAPAKA,NAPAKA,NAPAKA,NAPAKA,1,NAPAKA
Ali občani prejmejo odgovor?,1,1,1,NAPAKA,NAPAKA,1,NAPAKA,NAPAKA,1,NAPAKA,NAPAKA,NAPAKA,NAPAKA,NAPAKA,1,NAPAKA,1,1,NAPAKA,1,1,NAPAKA,NAPAKA,NAPAKA,1,NAPAKA,NAPAKA,NAPAKA,NAPAKA,NAPAKA,NAPAKA,NAPAKA,NAPAKA,1,NAPAKA,NAPAKA,NAPAKA,NAPAKA,NAPAKA,NAPAKA,NAPAKA,NAPAKA,NAPAKA,NAPAKA,NAPAKA,NAPAKA,NAPAKA,NAPAKA,NAPAKA,NAPAKA,1,1,NAPAKA,NAPAKA,NAPAKA,NAPAKA,NAPAKA,NAPAKA,NAPAKA,NAPAKA,1,1,NAPAKA,1,NAPAKA,1,NAPAKA,NAPAKA,1,NAPAKA,NAPAKA,NAPAKA,1,NAPAKA,NAPAKA,1,NAPAKA,NAPAKA,NAPAKA,1,1,NAPAKA,1,1,NAPAKA,NAPAKA,NAPAKA,NAPAKA,1,NAPAKA,NAPAKA,1,NAPAKA,NAPAKA,1,NAPAKA,1,NAPAKA,NAPAKA,NAPAKA,0,NAPAKA,NAPAKA,NAPAKA,NAPAKA,NAPAKA,NAPAKA,NAPAKA,NAPAKA,1,NAPAKA,NAPAKA,0,NAPAKA,1,NAPAKA,NAPAKA,NAPAKA,1,NAPAKA,1,NAPAKA,NAPAKA,NAPAKA,NAPAKA,1,NAPAKA,1,1,NAPAKA,NAPAKA,1,NAPAKA,NAPAKA,NAPAKA,1,NAPAKA,NAPAKA,NAPAKA,1,NAPAKA,NAPAKA,1,NAPAKA,NAPAKA,NAPAKA,NAPAKA,NAPAKA,NAPAKA,NAPAKA,1,NAPAKA,NAPAKA,NAPAKA,NAPAKA,NAPAKA,NAPAKA,1,1,NAPAKA,NAPAKA,NAPAKA,NAPAKA,NAPAKA,1,NAPAKA,1,NAPAKA,NAPAKA,NAPAKA,1,NAPAKA,NAPAKA,1,1,NAPAKA,NAPAKA,NAPAKA,NAPAKA,NAPAKA,NAPAKA,NAPAKA,NAPAKA,NAPAKA,NAPAKA,NAPAKA,NAPAKA,NAPAKA,NAPAKA,NAPAKA,NAPAKA,NAPAKA,NAPAKA,NAPAKA,NAPAKA,NAPAKA,NAPAKA,NAPAKA,NAPAKA,NAPAKA,NAPAKA,NAPAKA,NAPAKA,NAPAKA,NAPAKA,NAPAKA,NAPAKA,NAPAKA,NAPAKA,NAPAKA,1,NAPAKA
Ali občina javno (na spletu) objavlja predloge in odgovore?,0,0,0,NAPAKA,NAPAKA,0,NAPAKA,NAPAKA,0,NAPAKA,NAPAKA,NAPAKA,NAPAKA,NAPAKA,0,NAPAKA,1,0,NAPAKA,0,0,NAPAKA,NAPAKA,NAPAKA,0,NAPAKA,NAPAKA,NAPAKA,NAPAKA,NAPAKA,NAPAKA,NAPAKA,NAPAKA,1,NAPAKA,NAPAKA,NAPAKA,NAPAKA,NAPAKA,NAPAKA,NAPAKA,NAPAKA,NAPAKA,NAPAKA,NAPAKA,NAPAKA,NAPAKA,NAPAKA,NAPAKA,NAPAKA,0,1,NAPAKA,NAPAKA,NAPAKA,NAPAKA,NAPAKA,NAPAKA,NAPAKA,NAPAKA,0,1,NAPAKA,0,NAPAKA,1,NAPAKA,NAPAKA,0,NAPAKA,NAPAKA,NAPAKA,0,NAPAKA,NAPAKA,1,NAPAKA,NAPAKA,NAPAKA,0,NAPAKA,NAPAKA,0,0,NAPAKA,NAPAKA,NAPAKA,NAPAKA,0,NAPAKA,NAPAKA,NAPAKA,NAPAKA,NAPAKA,1,NAPAKA,0,NAPAKA,NAPAKA,NAPAKA,NAPAKA,NAPAKA,NAPAKA,NAPAKA,NAPAKA,NAPAKA,NAPAKA,NAPAKA,NAPAKA,0,NAPAKA,NAPAKA,NAPAKA,NAPAKA,0,NAPAKA,NAPAKA,NAPAKA,0,NAPAKA,0,NAPAKA,NAPAKA,NAPAKA,NAPAKA,0,NAPAKA,1,0,NAPAKA,NAPAKA,1,NAPAKA,NAPAKA,NAPAKA,0,NAPAKA,NAPAKA,NAPAKA,0,NAPAKA,NAPAKA,0,NAPAKA,NAPAKA,NAPAKA,NAPAKA,NAPAKA,NAPAKA,NAPAKA,0,NAPAKA,NAPAKA,NAPAKA,NAPAKA,NAPAKA,NAPAKA,0,0,NAPAKA,NAPAKA,NAPAKA,NAPAKA,NAPAKA,0,NAPAKA,0,NAPAKA,NAPAKA,NAPAKA,0,NAPAKA,NAPAKA,0,0,NAPAKA,NAPAKA,NAPAKA,NAPAKA,NAPAKA,NAPAKA,NAPAKA,NAPAKA,NAPAKA,NAPAKA,NAPAKA,NAPAKA,NAPAKA,NAPAKA,NAPAKA,NAPAKA,NAPAKA,NAPAKA,NAPAKA,NAPAKA,NAPAKA,NAPAKA,NAPAKA,NAPAKA,NAPAKA,NAPAKA,NAPAKA,NAPAKA,NAPAKA,NAPAKA,NAPAKA,NAPAKA,NAPAKA,NAPAKA,NAPAKA,0,NAPAKA
Vključenost mladih/tujcev,,,,,,,,,,,,,,,,,,,,,,,,,,,,,,,,,,,,,,,,,,,,,,,,,,,,,,,,,,,,,,,,,,,,,,,,,,,,,,,,,,,,,,,,,,,,,,,,,,,,,,,,,,,,,,,,,,,,,,,,,,,,,,,,,,,,,,,,,,,,,,,,,,,,,,,,,,,,,,,,,,,,,,,,,,,,,,,,,,,,,,,,,,,,,,,,,,,,,,,,,,,,,,,,,,,,
Ali občina v posvetovanja vključuje mlajše od 18 let?,0.5,0.5,0.5,NAPAKA,NAPAKA,0,NAPAKA,NAPAKA,0,NAPAKA,NAPAKA,NAPAKA,NAPAKA,NAPAKA,0.5,NAPAKA,0.5,0.5,NAPAKA,0.5,0,NAPAKA,NAPAKA,NAPAKA,0.5,NAPAKA,NAPAKA,NAPAKA,NAPAKA,NAPAKA,NAPAKA,NAPAKA,NAPAKA,0.5,NAPAKA,NAPAKA,NAPAKA,NAPAKA,NAPAKA,NAPAKA,NAPAKA,NAPAKA,NAPAKA,NAPAKA,NAPAKA,NAPAKA,NAPAKA,NAPAKA,NAPAKA,NAPAKA,0.5,0.5,NAPAKA,NAPAKA,NAPAKA,NAPAKA,NAPAKA,NAPAKA,NAPAKA,NAPAKA,0.5,0.5,NAPAKA,0,NAPAKA,0.5,NAPAKA,NAPAKA,0.5,NAPAKA,NAPAKA,NAPAKA,0.5,NAPAKA,NAPAKA,0.5,NAPAKA,NAPAKA,NAPAKA,0.5,NAPAKA,NAPAKA,0.5,0.5,NAPAKA,NAPAKA,NAPAKA,NAPAKA,0.5,NAPAKA,NAPAKA,0.5,NAPAKA,NAPAKA,0.5,NAPAKA,0.5,NAPAKA,NAPAKA,NAPAKA,NAPAKA,NAPAKA,NAPAKA,NAPAKA,NAPAKA,NAPAKA,NAPAKA,NAPAKA,NAPAKA,0.5,NAPAKA,NAPAKA,NAPAKA,NAPAKA,0,NAPAKA,NAPAKA,NAPAKA,0,NAPAKA,0,NAPAKA,NAPAKA,NAPAKA,NAPAKA,0.5,NAPAKA,0.5,0.5,NAPAKA,NAPAKA,0.5,NAPAKA,NAPAKA,NAPAKA,0.5,NAPAKA,NAPAKA,NAPAKA,0,NAPAKA,NAPAKA,0,NAPAKA,NAPAKA,NAPAKA,NAPAKA,NAPAKA,NAPAKA,NAPAKA,0.5,NAPAKA,NAPAKA,NAPAKA,NAPAKA,NAPAKA,NAPAKA,0.5,0,NAPAKA,NAPAKA,NAPAKA,NAPAKA,NAPAKA,0,NAPAKA,0.5,NAPAKA,NAPAKA,NAPAKA,0,NAPAKA,NAPAKA,0.5,0.5,NAPAKA,NAPAKA,NAPAKA,NAPAKA,NAPAKA,NAPAKA,NAPAKA,NAPAKA,NAPAKA,NAPAKA,NAPAKA,NAPAKA,NAPAKA,NAPAKA,NAPAKA,NAPAKA,NAPAKA,NAPAKA,NAPAKA,NAPAKA,NAPAKA,NAPAKA,NAPAKA,NAPAKA,NAPAKA,NAPAKA,NAPAKA,NAPAKA,NAPAKA,NAPAKA,NAPAKA,NAPAKA,NAPAKA,NAPAKA,NAPAKA,0.5,NAPAKA
"Ali občina v posvetovanja vključuje vse, ki prebivajo in/ali delajo v občini, ne le tiste s stalnim prebivališčem?",0.5,0.5,0.5,NAPAKA,NAPAKA,0.5,NAPAKA,NAPAKA,0,NAPAKA,NAPAKA,NAPAKA,NAPAKA,NAPAKA,0.5,NAPAKA,0.5,0.5,NAPAKA,0.5,0.5,NAPAKA,NAPAKA,NAPAKA,0.5,NAPAKA,NAPAKA,NAPAKA,NAPAKA,NAPAKA,NAPAKA,NAPAKA,NAPAKA,0.5,NAPAKA,NAPAKA,NAPAKA,NAPAKA,NAPAKA,NAPAKA,NAPAKA,NAPAKA,NAPAKA,NAPAKA,NAPAKA,NAPAKA,NAPAKA,NAPAKA,NAPAKA,NAPAKA,0.5,0,NAPAKA,NAPAKA,NAPAKA,NAPAKA,NAPAKA,NAPAKA,NAPAKA,NAPAKA,0.5,0.5,NAPAKA,0,NAPAKA,0.5,NAPAKA,NAPAKA,0.5,NAPAKA,NAPAKA,NAPAKA,0.5,NAPAKA,NAPAKA,0.5,NAPAKA,NAPAKA,NAPAKA,0.5,0.5,NAPAKA,0.5,0.5,NAPAKA,NAPAKA,NAPAKA,NAPAKA,0.5,NAPAKA,NAPAKA,0.5,NAPAKA,NAPAKA,0.5,NAPAKA,0.5,NAPAKA,NAPAKA,NAPAKA,NAPAKA,NAPAKA,NAPAKA,NAPAKA,NAPAKA,NAPAKA,NAPAKA,NAPAKA,NAPAKA,0.5,NAPAKA,NAPAKA,NAPAKA,NAPAKA,0.5,NAPAKA,NAPAKA,NAPAKA,0.5,NAPAKA,0.5,NAPAKA,NAPAKA,NAPAKA,NAPAKA,0.5,NAPAKA,0.5,0,NAPAKA,NAPAKA,0.5,NAPAKA,NAPAKA,NAPAKA,0.5,NAPAKA,NAPAKA,NAPAKA,0.5,NAPAKA,NAPAKA,0.5,NAPAKA,NAPAKA,NAPAKA,NAPAKA,NAPAKA,NAPAKA,NAPAKA,0.5,NAPAKA,NAPAKA,NAPAKA,NAPAKA,NAPAKA,NAPAKA,0.5,0.5,NAPAKA,NAPAKA,NAPAKA,NAPAKA,NAPAKA,0.5,NAPAKA,0.5,NAPAKA,NAPAKA,NAPAKA,0.5,NAPAKA,NAPAKA,0.5,0.5,NAPAKA,NAPAKA,NAPAKA,NAPAKA,NAPAKA,NAPAKA,NAPAKA,NAPAKA,NAPAKA,NAPAKA,NAPAKA,NAPAKA,NAPAKA,NAPAKA,NAPAKA,NAPAKA,NAPAKA,NAPAKA,NAPAKA,NAPAKA,NAPAKA,NAPAKA,NAPAKA,NAPAKA,NAPAKA,NAPAKA,NAPAKA,NAPAKA,NAPAKA,NAPAKA,NAPAKA,NAPAKA,NAPAKA,NAPAKA,NAPAKA,0.5,NAPAKA
Ali občina v participativni proračun vključuje mlajše od 18 let?,0.5,0,0,0,0,0,0,0,0.5,0,0,0,0,0,0.5,0,0,0,0,0,0,0,0,0,0,0,0,0,0,0,0,0,0.5,0,0,0,0.5,0,0,0,0,0,0,0,0,0,0,0,0,0,0,0.5,0,0,0,0,0,0,0,0,0,0,0,0,0,0,0.5,0,0.5,0,0,0,0,0,0,0.5,0,0,0,0,0,0,0,0,0,0,0.5,0,0,0,0,0,0,0,0,0,0,0,0,0,0,0,0,0,0,0,0,0,0,0,0,0,0,0,0,0,0,0,0,0,0,0,0,0,0,0,0,0.5,0,0,0,0,0,0,0,0,0,0,0,0,0,0,0,0,0,0,0,0,0,0,0,0,0,0,0.5,0,0,0,0,0,0,0,0,0,0,0,0,0,0,0,0,0,0,0,0,0,0,0,0,0,0,0,0,0,0,0,0,0,0,0,0,0,0,0,0,0,0,0,0,0,0,0,0,0,0,0,0,0,0,0,0,0
"Ali občina v participativni proračun vključuje vse, ki prebivajo in/ali delajo v občini, ne le tiste s stalnim prebivališčem?",0.5,0,0,0,0,0,0,0,0,0,0,0,0,0,0,0,0,0,0,0,0,0,0,0,0,0,0,0,0,0,0,0,0,0,0,0,0,0,0,0,0,0,0,0,0,0,0,0,0,0,0,0,0,0,0,0,0,0,0,0,0,0,0,0,0,0,0,0,0,0,0,0,0,0,0,0.5,0,0,0,0,0,0,0,0,0,0,0,0,0,0,0,0,0,0,0,0,0,0,0,0,0,0,0,0,0,0,0,0,0,0,0,0,0,0,0,0,0,0,0,0,0,0,0,0,0,0,0,0,0,0,0,0,0,0,0,0,0,0,0,0,0,0,0,0,0,0,0,0,0,0,0,0,0,0,0.5,0,0,0,0,0,0,0,0,0,0,0,0,0,0,0,0,0,0,0,0,0,0,0,0,0,0,0,0,0,0,0,0,0,0,0,0,0,0,0,0,0,0,0,0,0,0,0,0,0,0,0,0,0,0,0,0,0
OBVEŠČANJE,,,,,,,,,,,,,,,,,,,,,,,,,,,,,,,,,,,,,,,,,,,,,,,,,,,,,,,,,,,,,,,,,,,,,,,,,,,,,,,,,,,,,,,,,,,,,,,,,,,,,,,,,,,,,,,,,,,,,,,,,,,,,,,,,,,,,,,,,,,,,,,,,,,,,,,,,,,,,,,,,,,,,,,,,,,,,,,,,,,,,,,,,,,,,,,,,,,,,,,,,,,,,,,,,,,,
Družbena omrežja (predvsem Facebook),0.5,0.25,0.5,NAPAKA,NAPAKA,0.5,NAPAKA,NAPAKA,0.5,NAPAKA,NAPAKA,NAPAKA,NAPAKA,NAPAKA,0.5,NAPAKA,0.5,0,NAPAKA,0.5,0.25,NAPAKA,NAPAKA,NAPAKA,0.5,NAPAKA,NAPAKA,NAPAKA,NAPAKA,NAPAKA,NAPAKA,NAPAKA,NAPAKA,0.5,NAPAKA,NAPAKA,NAPAKA,NAPAKA,NAPAKA,NAPAKA,NAPAKA,NAPAKA,NAPAKA,NAPAKA,NAPAKA,NAPAKA,NAPAKA,NAPAKA,NAPAKA,NAPAKA,0.5,0.5,NAPAKA,NAPAKA,NAPAKA,NAPAKA,NAPAKA,NAPAKA,NAPAKA,NAPAKA,0,0.25,NAPAKA,0.5,NAPAKA,0.5,NAPAKA,NAPAKA,0.5,NAPAKA,NAPAKA,NAPAKA,0.5,NAPAKA,NAPAKA,0.5,NAPAKA,NAPAKA,NAPAKA,0.5,NAPAKA,NAPAKA,0.5,0.25,NAPAKA,NAPAKA,NAPAKA,NAPAKA,0,NAPAKA,NAPAKA,0,NAPAKA,NAPAKA,0.5,NAPAKA,0.5,NAPAKA,NAPAKA,NAPAKA,0,NAPAKA,NAPAKA,NAPAKA,NAPAKA,NAPAKA,NAPAKA,NAPAKA,NAPAKA,0.5,NAPAKA,NAPAKA,0,NAPAKA,0.5,NAPAKA,NAPAKA,NAPAKA,0.25,NAPAKA,0.5,NAPAKA,NAPAKA,NAPAKA,NAPAKA,0,NAPAKA,0.5,0.5,NAPAKA,NAPAKA,0.5,NAPAKA,NAPAKA,NAPAKA,0.25,NAPAKA,NAPAKA,NAPAKA,0,NAPAKA,NAPAKA,0.25,NAPAKA,NAPAKA,NAPAKA,NAPAKA,NAPAKA,NAPAKA,NAPAKA,0.5,NAPAKA,NAPAKA,NAPAKA,NAPAKA,NAPAKA,NAPAKA,0.25,0.25,NAPAKA,NAPAKA,NAPAKA,NAPAKA,NAPAKA,0.25,NAPAKA,0,NAPAKA,NAPAKA,NAPAKA,0.25,NAPAKA,NAPAKA,0,0.5,NAPAKA,NAPAKA,NAPAKA,NAPAKA,NAPAKA,NAPAKA,NAPAKA,NAPAKA,NAPAKA,NAPAKA,NAPAKA,NAPAKA,NAPAKA,NAPAKA,NAPAKA,NAPAKA,NAPAKA,NAPAKA,NAPAKA,NAPAKA,NAPAKA,NAPAKA,NAPAKA,NAPAKA,NAPAKA,NAPAKA,NAPAKA,NAPAKA,NAPAKA,NAPAKA,NAPAKA,NAPAKA,NAPAKA,NAPAKA,NAPAKA,0.5,NAPAKA
Spletno mesto,0.5,0.5,0.5,NAPAKA,NAPAKA,0.5,NAPAKA,NAPAKA,0.5,NAPAKA,NAPAKA,NAPAKA,NAPAKA,NAPAKA,0.5,NAPAKA,0.5,0.5,NAPAKA,0,0.5,NAPAKA,NAPAKA,NAPAKA,0.5,NAPAKA,NAPAKA,NAPAKA,NAPAKA,NAPAKA,NAPAKA,NAPAKA,NAPAKA,0,NAPAKA,NAPAKA,NAPAKA,NAPAKA,NAPAKA,NAPAKA,NAPAKA,NAPAKA,NAPAKA,NAPAKA,NAPAKA,NAPAKA,NAPAKA,NAPAKA,NAPAKA,NAPAKA,0.5,0.5,NAPAKA,NAPAKA,NAPAKA,NAPAKA,NAPAKA,NAPAKA,NAPAKA,NAPAKA,0,0.5,NAPAKA,0.5,NAPAKA,0.5,NAPAKA,NAPAKA,0.5,NAPAKA,NAPAKA,NAPAKA,0.5,NAPAKA,NAPAKA,0.5,NAPAKA,NAPAKA,NAPAKA,0.5,NAPAKA,NAPAKA,0.5,0.5,NAPAKA,NAPAKA,NAPAKA,NAPAKA,0,NAPAKA,NAPAKA,0,NAPAKA,NAPAKA,0.5,NAPAKA,0,NAPAKA,NAPAKA,NAPAKA,0,NAPAKA,NAPAKA,NAPAKA,NAPAKA,NAPAKA,NAPAKA,NAPAKA,NAPAKA,0.5,NAPAKA,NAPAKA,NAPAKA,NAPAKA,0.5,NAPAKA,NAPAKA,NAPAKA,0,NAPAKA,0.5,NAPAKA,NAPAKA,NAPAKA,NAPAKA,0,NAPAKA,0.5,0.5,NAPAKA,NAPAKA,0.5,NAPAKA,NAPAKA,NAPAKA,0,NAPAKA,NAPAKA,NAPAKA,0,NAPAKA,NAPAKA,0.5,NAPAKA,NAPAKA,NAPAKA,NAPAKA,NAPAKA,NAPAKA,NAPAKA,0.5,NAPAKA,NAPAKA,NAPAKA,NAPAKA,NAPAKA,NAPAKA,0.5,0.5,NAPAKA,NAPAKA,NAPAKA,NAPAKA,NAPAKA,0.5,NAPAKA,0,NAPAKA,NAPAKA,NAPAKA,0,NAPAKA,NAPAKA,0,0.5,NAPAKA,NAPAKA,NAPAKA,NAPAKA,NAPAKA,NAPAKA,NAPAKA,NAPAKA,NAPAKA,NAPAKA,NAPAKA,NAPAKA,NAPAKA,NAPAKA,NAPAKA,NAPAKA,NAPAKA,NAPAKA,NAPAKA,NAPAKA,NAPAKA,NAPAKA,NAPAKA,NAPAKA,NAPAKA,NAPAKA,NAPAKA,NAPAKA,NAPAKA,NAPAKA,NAPAKA,NAPAKA,NAPAKA,NAPAKA,NAPAKA,0.5,NAPAKA
Oglasna deska,0.5,0.5,0,NAPAKA,NAPAKA,0,NAPAKA,NAPAKA,0,NAPAKA,NAPAKA,NAPAKA,NAPAKA,NAPAKA,0,NAPAKA,0.5,0,NAPAKA,0,0.5,NAPAKA,NAPAKA,NAPAKA,0.5,NAPAKA,NAPAKA,NAPAKA,NAPAKA,NAPAKA,NAPAKA,NAPAKA,NAPAKA,0.5,NAPAKA,NAPAKA,NAPAKA,NAPAKA,NAPAKA,NAPAKA,NAPAKA,NAPAKA,NAPAKA,NAPAKA,NAPAKA,NAPAKA,NAPAKA,NAPAKA,NAPAKA,NAPAKA,0.5,0,NAPAKA,NAPAKA,NAPAKA,NAPAKA,NAPAKA,NAPAKA,NAPAKA,NAPAKA,0.5,0.5,NAPAKA,0.5,NAPAKA,0.5,NAPAKA,NAPAKA,0,NAPAKA,NAPAKA,NAPAKA,0,NAPAKA,NAPAKA,0,NAPAKA,NAPAKA,NAPAKA,0.5,NAPAKA,NAPAKA,0.5,0.5,NAPAKA,NAPAKA,NAPAKA,NAPAKA,0.5,NAPAKA,NAPAKA,0,NAPAKA,NAPAKA,0,NAPAKA,0.5,NAPAKA,NAPAKA,NAPAKA,0,NAPAKA,NAPAKA,NAPAKA,NAPAKA,NAPAKA,NAPAKA,NAPAKA,NAPAKA,0.5,NAPAKA,NAPAKA,NAPAKA,NAPAKA,0.5,NAPAKA,NAPAKA,NAPAKA,0,NAPAKA,0,NAPAKA,NAPAKA,NAPAKA,NAPAKA,0.5,NAPAKA,0.5,0.5,NAPAKA,NAPAKA,0.5,NAPAKA,NAPAKA,NAPAKA,0,NAPAKA,NAPAKA,NAPAKA,0,NAPAKA,NAPAKA,0,NAPAKA,NAPAKA,NAPAKA,NAPAKA,NAPAKA,NAPAKA,NAPAKA,0.5,NAPAKA,NAPAKA,NAPAKA,NAPAKA,NAPAKA,NAPAKA,0,0.5,NAPAKA,NAPAKA,NAPAKA,NAPAKA,NAPAKA,0,NAPAKA,0.5,NAPAKA,NAPAKA,NAPAKA,0.5,NAPAKA,NAPAKA,0.5,0.5,NAPAKA,NAPAKA,NAPAKA,NAPAKA,NAPAKA,NAPAKA,NAPAKA,NAPAKA,NAPAKA,NAPAKA,NAPAKA,NAPAKA,NAPAKA,NAPAKA,NAPAKA,NAPAKA,NAPAKA,NAPAKA,NAPAKA,NAPAKA,NAPAKA,NAPAKA,NAPAKA,NAPAKA,NAPAKA,NAPAKA,NAPAKA,NAPAKA,NAPAKA,NAPAKA,NAPAKA,NAPAKA,NAPAKA,NAPAKA,NAPAKA,0,NAPAKA
Lokalni časopis / občinsko glasilo,0.5,0.5,0.5,NAPAKA,NAPAKA,0.5,NAPAKA,NAPAKA,0.5,NAPAKA,NAPAKA,NAPAKA,NAPAKA,NAPAKA,0.5,NAPAKA,0,0,NAPAKA,0.5,0.5,NAPAKA,NAPAKA,NAPAKA,0.5,NAPAKA,NAPAKA,NAPAKA,NAPAKA,NAPAKA,NAPAKA,NAPAKA,NAPAKA,0.5,NAPAKA,NAPAKA,NAPAKA,NAPAKA,NAPAKA,NAPAKA,NAPAKA,NAPAKA,NAPAKA,NAPAKA,NAPAKA,NAPAKA,NAPAKA,NAPAKA,NAPAKA,NAPAKA,0.5,0.5,NAPAKA,NAPAKA,NAPAKA,NAPAKA,NAPAKA,NAPAKA,NAPAKA,NAPAKA,0.5,0,NAPAKA,0.5,NAPAKA,0.5,NAPAKA,NAPAKA,0.5,NAPAKA,NAPAKA,NAPAKA,0,NAPAKA,NAPAKA,0.5,NAPAKA,NAPAKA,NAPAKA,0.5,NAPAKA,NAPAKA,0.5,0,NAPAKA,NAPAKA,NAPAKA,NAPAKA,0.5,NAPAKA,NAPAKA,0,NAPAKA,NAPAKA,0.5,NAPAKA,0.5,NAPAKA,NAPAKA,NAPAKA,0,NAPAKA,NAPAKA,NAPAKA,NAPAKA,NAPAKA,NAPAKA,NAPAKA,NAPAKA,0.5,NAPAKA,NAPAKA,NAPAKA,NAPAKA,0,NAPAKA,NAPAKA,NAPAKA,0,NAPAKA,0.5,NAPAKA,NAPAKA,NAPAKA,NAPAKA,0.5,NAPAKA,0.5,0.5,NAPAKA,NAPAKA,0.5,NAPAKA,NAPAKA,NAPAKA,0.5,NAPAKA,NAPAKA,NAPAKA,0,NAPAKA,NAPAKA,0,NAPAKA,NAPAKA,NAPAKA,NAPAKA,NAPAKA,NAPAKA,NAPAKA,0.5,NAPAKA,NAPAKA,NAPAKA,NAPAKA,NAPAKA,NAPAKA,0,0.5,NAPAKA,NAPAKA,NAPAKA,NAPAKA,NAPAKA,0.5,NAPAKA,0.5,NAPAKA,NAPAKA,NAPAKA,0.5,NAPAKA,NAPAKA,0.5,0.5,NAPAKA,NAPAKA,NAPAKA,NAPAKA,NAPAKA,NAPAKA,NAPAKA,NAPAKA,NAPAKA,NAPAKA,NAPAKA,NAPAKA,NAPAKA,NAPAKA,NAPAKA,NAPAKA,NAPAKA,NAPAKA,NAPAKA,NAPAKA,NAPAKA,NAPAKA,NAPAKA,NAPAKA,NAPAKA,NAPAKA,NAPAKA,NAPAKA,NAPAKA,NAPAKA,NAPAKA,NAPAKA,NAPAKA,NAPAKA,NAPAKA,0.5,NAPAKA
Lastni materiali,0.5,0.5,0.5,NAPAKA,NAPAKA,0.5,NAPAKA,NAPAKA,0,NAPAKA,NAPAKA,NAPAKA,NAPAKA,NAPAKA,0.5,NAPAKA,0,0,NAPAKA,0.5,0,NAPAKA,NAPAKA,NAPAKA,0.5,NAPAKA,NAPAKA,NAPAKA,NAPAKA,NAPAKA,NAPAKA,NAPAKA,NAPAKA,0,NAPAKA,NAPAKA,NAPAKA,NAPAKA,NAPAKA,NAPAKA,NAPAKA,NAPAKA,NAPAKA,NAPAKA,NAPAKA,NAPAKA,NAPAKA,NAPAKA,NAPAKA,NAPAKA,0.5,0,NAPAKA,NAPAKA,NAPAKA,NAPAKA,NAPAKA,NAPAKA,NAPAKA,NAPAKA,0,0,NAPAKA,0,NAPAKA,0.5,NAPAKA,NAPAKA,0.5,NAPAKA,NAPAKA,NAPAKA,0,NAPAKA,NAPAKA,0.5,NAPAKA,NAPAKA,NAPAKA,0.5,NAPAKA,NAPAKA,0.5,0,NAPAKA,NAPAKA,NAPAKA,NAPAKA,0.5,NAPAKA,NAPAKA,0,NAPAKA,NAPAKA,0.5,NAPAKA,0,NAPAKA,NAPAKA,NAPAKA,0,NAPAKA,NAPAKA,NAPAKA,NAPAKA,NAPAKA,NAPAKA,NAPAKA,NAPAKA,0.5,NAPAKA,NAPAKA,NAPAKA,NAPAKA,0,NAPAKA,NAPAKA,NAPAKA,0,NAPAKA,0.5,NAPAKA,NAPAKA,NAPAKA,NAPAKA,0.5,NAPAKA,0.5,0,NAPAKA,NAPAKA,0.5,NAPAKA,NAPAKA,NAPAKA,0.5,NAPAKA,NAPAKA,NAPAKA,0.5,NAPAKA,NAPAKA,0,NAPAKA,NAPAKA,NAPAKA,NAPAKA,NAPAKA,NAPAKA,NAPAKA,0.5,NAPAKA,NAPAKA,NAPAKA,NAPAKA,NAPAKA,NAPAKA,0,0,NAPAKA,NAPAKA,NAPAKA,NAPAKA,NAPAKA,0,NAPAKA,0.5,NAPAKA,NAPAKA,NAPAKA,0,NAPAKA,NAPAKA,0,0.5,NAPAKA,NAPAKA,NAPAKA,NAPAKA,NAPAKA,NAPAKA,NAPAKA,NAPAKA,NAPAKA,NAPAKA,NAPAKA,NAPAKA,NAPAKA,NAPAKA,NAPAKA,NAPAKA,NAPAKA,NAPAKA,NAPAKA,NAPAKA,NAPAKA,NAPAKA,NAPAKA,NAPAKA,NAPAKA,NAPAKA,NAPAKA,NAPAKA,NAPAKA,NAPAKA,NAPAKA,NAPAKA,NAPAKA,NAPAKA,NAPAKA,0,NAPAKA
Email novičnik / RSS,0.5,0.5,0.5,NAPAKA,NAPAKA,0,NAPAKA,NAPAKA,0,NAPAKA,NAPAKA,NAPAKA,NAPAKA,NAPAKA,0,NAPAKA,0,0,NAPAKA,0,0,NAPAKA,NAPAKA,NAPAKA,0,NAPAKA,NAPAKA,NAPAKA,NAPAKA,NAPAKA,NAPAKA,NAPAKA,NAPAKA,0,NAPAKA,NAPAKA,NAPAKA,NAPAKA,NAPAKA,NAPAKA,NAPAKA,NAPAKA,NAPAKA,NAPAKA,NAPAKA,NAPAKA,NAPAKA,NAPAKA,NAPAKA,NAPAKA,0,0,NAPAKA,NAPAKA,NAPAKA,NAPAKA,NAPAKA,NAPAKA,NAPAKA,NAPAKA,0,0,NAPAKA,0.5,NAPAKA,0.5,NAPAKA,NAPAKA,0.25,NAPAKA,NAPAKA,NAPAKA,0,NAPAKA,NAPAKA,0.5,NAPAKA,NAPAKA,NAPAKA,0.5,NAPAKA,NAPAKA,0.5,0.5,NAPAKA,NAPAKA,NAPAKA,NAPAKA,0,NAPAKA,NAPAKA,0,NAPAKA,NAPAKA,0,NAPAKA,0.5,NAPAKA,NAPAKA,NAPAKA,0,NAPAKA,NAPAKA,NAPAKA,NAPAKA,NAPAKA,NAPAKA,NAPAKA,NAPAKA,0,NAPAKA,NAPAKA,NAPAKA,NAPAKA,0.5,NAPAKA,NAPAKA,NAPAKA,0,NAPAKA,0.5,NAPAKA,NAPAKA,NAPAKA,NAPAKA,0,NAPAKA,0.5,0,NAPAKA,NAPAKA,0.5,NAPAKA,NAPAKA,NAPAKA,0.25,NAPAKA,NAPAKA,NAPAKA,0,NAPAKA,NAPAKA,0,NAPAKA,NAPAKA,NAPAKA,NAPAKA,NAPAKA,NAPAKA,NAPAKA,0.5,NAPAKA,NAPAKA,NAPAKA,NAPAKA,NAPAKA,NAPAKA,0.25,0,NAPAKA,NAPAKA,NAPAKA,NAPAKA,NAPAKA,0,NAPAKA,0,NAPAKA,NAPAKA,NAPAKA,0,NAPAKA,NAPAKA,0,0.5,NAPAKA,NAPAKA,NAPAKA,NAPAKA,NAPAKA,NAPAKA,NAPAKA,NAPAKA,NAPAKA,NAPAKA,NAPAKA,NAPAKA,NAPAKA,NAPAKA,NAPAKA,NAPAKA,NAPAKA,NAPAKA,NAPAKA,NAPAKA,NAPAKA,NAPAKA,NAPAKA,NAPAKA,NAPAKA,NAPAKA,NAPAKA,NAPAKA,NAPAKA,NAPAKA,NAPAKA,NAPAKA,NAPAKA,NAPAKA,NAPAKA,0,NAPAKA